ID,Predicted
0,3
1,2
2,1
3,0
4,3
5,2
6,1
7,0
8,3
9,2
10,1
11,0
12,3
13,2
14,1
15,0
16,3
17,2
18,1
19,0
20,3
21,2
22,1
23,0
24,3
25,2
26,1
27,0
28,3
29,2
30,1
31,0
32,3
33,2
34,1
35,0
36,3
37,2
38,1
39,0
40,3
41,2
42,1
43,0
44,3
45,2
46,1
47,0
48,3
49,2
50,1
51,0
52,3
53,2
54,1
55,0
56,3
57,2
58,1
59,0
60,3
61,2
62,1
63,0
64,3
65,2
66,1
67,0
68,3
69,2
70,1
71,0
72,3
73,2
74,1
75,0
76,3
77,2
78,1
79,0
80,3
81,2
82,1
83,0
84,3
85,2
86,1
87,0
88,3
89,2
90,1
91,0
92,3
93,2
94,1
95,0
96,3
97,2
98,1
99,0
100,3
101,2
102,1
103,0
104,3
105,2
106,1
107,0
108,3
109,2
110,1
111,0
112,3
113,2
114,1
115,0
116,3
117,2
118,1
119,0
120,3
121,2
122,1
123,0
124,3
125,2
126,1
127,0
128,3
129,2
130,1
131,0
132,3
133,2
134,1
135,0
136,3
137,2
138,1
139,0
140,3
141,2
142,1
143,0
144,3
145,2
146,1
147,0
148,3
149,2
150,1
151,0
152,3
153,2
154,1
155,0
156,3
157,2
158,1
159,0
160,3
161,2
162,1
163,0
164,3
165,2
166,1
167,0
168,3
169,2
170,1
171,0
172,3
173,2
174,1
175,0
176,3
177,2
178,1
179,0
180,3
181,2
182,1
183,0
184,3
185,2
186,1
187,0
188,3
189,2
190,1
191,0
192,3
193,2
194,1
195,0
196,3
197,2
198,1
199,0
200,3
201,2
202,1
203,0
204,3
205,2
206,1
207,0
208,3
209,2
210,1
211,0
212,3
213,2
214,1
215,0
216,3
217,2
218,1
219,0
220,3
221,2
222,1
223,0
224,3
225,2
226,1
227,0
228,3
229,2
230,1
231,0
232,3
233,2
234,1
235,0
236,3
237,2
238,1
239,0
240,3
241,2
242,1
243,0
244,3
245,2
246,1
247,0
248,3
249,2
250,1
251,0
252,3
253,2
254,1
255,0
256,3
257,2
258,1
259,0
260,3
261,2
262,1
263,0
264,3
265,2
266,1
267,0
268,3
269,2
270,1
271,0
272,3
273,2
274,1
275,0
276,3
277,2
278,1
279,0
280,3
281,2
282,1
283,0
284,3
285,2
286,1
287,0
288,3
289,2
290,1
291,0
292,3
293,2
294,1
295,0
296,3
297,2
298,1
299,0
300,3
301,2
302,1
303,0
304,3
305,2
306,1
307,0
308,3
309,2
310,1
311,0
312,3
313,2
314,1
315,0
316,3
317,2
318,1
319,0
320,3
321,2
322,1
323,0
324,3
325,2
326,1
327,0
328,3
329,2
330,1
331,0
332,3
333,2
334,1
335,0
336,3
337,2
338,1
339,0
340,3
341,2
342,1
343,0
344,3
345,2
346,1
347,0
348,3
349,2
350,1
351,0
352,3
353,2
354,1
355,0
356,3
357,2
358,1
359,0
360,3
361,2
362,1
363,0
364,3
365,2
366,1
367,0
368,3
369,2
370,1
371,0
372,3
373,2
374,1
375,0
376,3
377,2
378,1
379,0
380,3
381,2
382,1
383,0
384,3
385,2
386,1
387,0
388,3
389,2
390,1
391,0
392,3
393,2
394,1
395,0
396,3
397,2
398,1
399,0
400,3
401,2
402,1
403,0
404,3
405,2
406,1
407,0
408,3
409,2
410,1
411,0
412,3
413,2
414,1
415,0
416,3
417,2
418,1
419,0
420,3
421,2
422,1
423,0
424,3
425,2
426,1
427,0
428,3
429,2
430,1
431,0
432,3
433,2
434,1
435,0
436,3
437,2
438,1
439,0
440,3
441,2
442,1
443,0
444,3
445,2
446,1
447,0
448,3
449,2
450,1
451,0
452,3
453,2
454,1
455,0
456,3
457,2
458,1
459,0
460,3
461,2
462,1
463,0
464,3
465,2
466,1
467,0
468,3
469,2
470,1
471,0
472,3
473,2
474,1
475,0
476,3
477,2
478,1
479,0
480,3
481,2
482,1
483,0
484,3
485,2
486,1
487,0
488,3
489,2
490,1
491,0
492,3
493,2
494,1
495,0
496,3
497,2
498,1
499,0
500,3
501,2
502,1
503,0
504,3
505,2
506,1
507,0
508,3
509,2
510,1
511,0
512,3
513,2
514,1
515,0
516,3
517,2
518,1
519,0
520,3
521,2
522,1
523,0
524,3
525,2
526,1
527,0
528,3
529,2
530,1
531,0
532,3
533,2
534,1
535,0
536,3
537,2
538,1
539,0
540,3
541,2
542,1
543,0
544,3
545,2
546,1
547,0
548,3
549,2
550,1
551,0
552,3
553,2
554,1
555,0
556,3
557,2
558,1
559,0
560,3
561,2
562,1
563,0
564,3
565,2
566,1
567,0
568,3
569,2
570,1
571,0
572,3
573,2
574,1
575,0
576,3
577,2
578,1
579,0
580,3
581,2
582,1
583,0
584,3
585,2
586,1
587,0
588,3
589,2
590,1
591,0
592,3
593,2
594,1
595,0
596,3
597,2
598,1
599,0
600,3
601,2
602,1
603,0
604,3
605,2
606,1
607,0
608,3
609,2
610,1
611,0
612,3
613,2
614,1
615,0
616,3
617,2
618,1
619,0
620,3
621,2
622,1
623,0
624,3
625,2
626,1
627,0
628,3
629,2
630,1
631,0
632,3
633,2
634,1
635,0
636,3
637,2
638,1
639,0
640,3
641,2
642,1
643,0
644,3
645,2
646,1
647,0
648,3
649,2
650,1
651,0
652,3
653,2
654,1
655,0
656,3
657,2
658,1
659,0
660,3
661,2
662,1
663,0
664,3
665,2
666,1
667,0
668,3
669,2
670,1
671,0
672,3
673,2
674,1
675,0
676,3
677,2
678,1
679,0
680,3
681,2
682,1
683,0
684,3
685,2
686,1
687,0
688,3
689,2
690,1
691,0
692,3
693,2
694,1
695,0
696,3
697,2
698,1
699,0
700,3
701,2
702,1
703,0
704,3
705,2
706,1
707,0
708,3
709,2
710,1
711,0
712,3
713,2
714,1
715,0
716,3
717,2
718,1
719,0
720,3
721,2
722,1
723,0
724,3
725,2
726,1
727,0
728,3
729,2
730,1
731,0
732,3
733,2
734,1
735,0
736,3
737,2
738,1
739,0
740,3
741,2
742,1
743,0
744,3
745,2
746,1
747,0
748,3
749,2
750,1
751,0
752,3
753,2
754,1
755,0
756,3
757,2
758,1
759,0
760,3
761,2
762,1
763,0
764,3
765,2
766,1
767,0
768,3
769,2
770,1
771,0
772,3
773,2
774,1
775,0
776,3
777,2
778,1
779,0
780,3
781,2
782,1
783,0
784,3
785,2
786,1
787,0
788,3
789,2
790,1
791,0
792,3
793,2
794,1
795,0
796,3
797,2
798,1
799,0
800,3
801,2
802,1
803,0
804,3
805,2
806,1
807,0
808,3
809,2
810,1
811,0
812,3
813,2
814,1
815,0
816,3
817,2
818,1
819,0
820,3
821,2
822,1
823,0
824,3
825,2
826,1
827,0
828,3
829,2
830,1
831,0
832,3
833,2
834,1
835,0
836,3
837,2
838,1
839,0
840,3
841,2
842,1
843,0
844,3
845,2
846,1
847,0
848,3
849,2
850,1
851,0
852,3
853,2
854,1
855,0
856,3
857,2
858,1
859,0
860,3
861,2
862,1
863,0
864,3
865,2
866,1
867,0
868,3
869,2
870,1
871,0
872,3
873,2
874,1
875,0
876,3
877,2
878,1
879,0
880,3
881,2
882,1
883,0
884,3
885,2
886,1
887,0
888,3
889,2
890,1
891,0
892,3
893,2
894,1
895,0
896,3
897,2
898,1
899,0
900,3
901,2
902,1
903,0
904,3
905,2
906,1
907,0
908,3
909,2
910,1
911,0
912,3
913,2
914,1
915,0
916,3
917,2
918,1
919,0
920,3
921,2
922,1
923,0
924,3
925,2
926,1
927,0
928,3
929,2
930,1
931,0
932,3
933,2
934,1
935,0
936,3
937,2
938,1
939,0
940,3
941,2
942,1
943,0
944,3
945,2
946,1
947,0
948,3
949,2
950,1
951,0
952,3
953,2
954,1
955,0
956,3
957,2
958,1
959,0
960,3
961,2
962,1
963,0
964,3
965,2
966,1
967,0
968,3
969,2
970,1
971,0
972,3
973,2
974,1
975,0
976,3
977,2
978,1
979,0
980,3
981,2
982,1
983,0
984,3
985,2
986,1
987,0
988,3
989,2
990,1
991,0
992,3
993,2
994,1
995,0
996,3
997,2
998,1
999,0
1000,3
1001,2
1002,1
1003,0
1004,3
1005,2
1006,1
1007,0
1008,3
1009,2
1010,1
1011,0
1012,3
1013,2
1014,1
1015,0
1016,3
1017,2
1018,1
1019,0
1020,3
1021,2
1022,1
1023,0
1024,3
1025,2
1026,1
1027,0
1028,3
1029,2
1030,1
1031,0
1032,3
1033,2
1034,1
1035,0
1036,3
1037,2
1038,1
1039,0
1040,3
1041,2
1042,1
1043,0
1044,3
1045,2
1046,1
1047,0
1048,3
1049,2
1050,1
1051,0
1052,3
1053,2
1054,1
1055,0
1056,3
1057,2
1058,1
1059,0
1060,3
1061,2
1062,1
1063,0
1064,3
1065,2
1066,1
1067,0
1068,3
1069,2
1070,1
1071,0
1072,3
1073,2
1074,1
1075,0
1076,3
1077,2
1078,1
1079,0
1080,3
1081,2
1082,1
1083,0
1084,3
1085,2
1086,1
1087,0
1088,3
1089,2
1090,1
1091,0
1092,3
1093,2
1094,1
1095,0
1096,3
1097,2
1098,1
1099,0
1100,3
1101,2
1102,1
1103,0
1104,3
1105,2
1106,1
1107,0
1108,3
1109,2
1110,1
1111,0
1112,3
1113,2
1114,1
1115,0
1116,3
1117,2
1118,1
1119,0
1120,3
1121,2
1122,1
1123,0
1124,3
1125,2
1126,1
1127,0
1128,3
1129,2
1130,1
1131,0
1132,3
1133,2
1134,1
1135,0
1136,3
1137,2
1138,1
1139,0
1140,3
1141,2
1142,1
1143,0
1144,3
1145,2
1146,1
1147,0
1148,3
1149,2
1150,1
1151,0
1152,3
1153,2
1154,1
1155,0
1156,3
1157,2
1158,1
1159,0
1160,3
1161,2
1162,1
1163,0
1164,3
1165,2
1166,1
1167,0
1168,3
1169,2
1170,1
1171,0
1172,3
1173,2
1174,1
1175,0
1176,3
1177,2
1178,1
1179,0
1180,3
1181,2
1182,1
1183,0
1184,3
1185,2
1186,1
1187,0
1188,3
1189,2
1190,1
1191,0
1192,3
1193,2
1194,1
1195,0
1196,3
1197,2
1198,1
1199,0
1200,3
1201,2
1202,1
1203,0
1204,3
1205,2
1206,1
1207,0
1208,3
1209,2
1210,1
1211,0
1212,3
1213,2
1214,1
1215,0
1216,3
1217,2
1218,1
1219,0
1220,3
1221,2
1222,1
1223,0
1224,3
1225,2
1226,1
1227,0
1228,3
1229,2
1230,1
1231,0
1232,3
1233,2
1234,1
1235,0
1236,3
1237,2
1238,1
1239,0
1240,3
1241,2
1242,1
1243,0
1244,3
1245,2
1246,1
1247,0
1248,3
1249,2
1250,1
1251,0
1252,3
1253,2
1254,1
1255,0
1256,3
1257,2
1258,1
1259,0
1260,3
1261,2
1262,1
1263,0
1264,3
1265,2
1266,1
1267,0
1268,3
1269,2
1270,1
1271,0
1272,3
1273,2
1274,1
1275,0
1276,3
1277,2
1278,1
1279,0
1280,3
1281,2
1282,1
1283,0
1284,3
1285,2
1286,1
1287,0
1288,3
1289,2
1290,1
1291,0
1292,3
1293,2
1294,1
1295,0
1296,3
1297,2
1298,1
1299,0
1300,3
1301,2
1302,1
1303,0
1304,3
1305,2
1306,1
1307,0
1308,3
1309,2
1310,1
1311,0
1312,3
1313,2
1314,1
1315,0
1316,3
1317,2
1318,1
1319,0
1320,3
1321,2
1322,1
1323,0
1324,3
1325,2
1326,1
1327,0
1328,3
1329,2
1330,1
1331,0
1332,3
1333,2
1334,1
1335,0
1336,3
1337,2
1338,1
1339,0
1340,3
1341,2
1342,1
1343,0
1344,3
1345,2
1346,1
1347,0
1348,3
1349,2
1350,1
1351,0
1352,3
1353,2
1354,1
1355,0
1356,3
1357,2
1358,1
1359,0
1360,3
1361,2
1362,1
1363,0
1364,3
1365,2
1366,1
1367,0
1368,3
1369,2
1370,1
1371,0
1372,3
1373,2
1374,1
1375,0
1376,3
1377,2
1378,1
1379,0
1380,3
1381,2
1382,1
1383,0
1384,3
1385,2
1386,1
1387,0
1388,3
1389,2
1390,1
1391,0
1392,3
1393,2
1394,1
1395,0
1396,3
1397,2
1398,1
1399,0
1400,3
1401,2
1402,1
1403,0
1404,3
1405,2
1406,1
1407,0
1408,3
1409,2
1410,1
1411,0
1412,3
1413,2
1414,1
1415,0
1416,3
1417,2
1418,1
1419,0
1420,3
1421,2
1422,1
1423,0
1424,3
1425,2
1426,1
1427,0
1428,3
1429,2
1430,1
1431,0
1432,3
1433,2
1434,1
1435,0
1436,3
1437,2
1438,1
1439,0
1440,3
1441,2
1442,1
1443,0
1444,3
1445,2
1446,1
1447,0
1448,3
1449,2
1450,1
1451,0
1452,3
1453,2
1454,1
1455,0
1456,3
1457,2
1458,1
1459,0
1460,3
1461,2
1462,1
1463,0
1464,3
1465,2
1466,1
1467,0
1468,3
1469,2
1470,1
1471,0
1472,3
1473,2
1474,1
1475,0
1476,3
1477,2
1478,1
1479,0
1480,3
1481,2
1482,1
1483,0
1484,3
1485,2
1486,1
1487,0
1488,3
1489,2
1490,1
1491,0
1492,3
1493,2
1494,1
1495,0
1496,3
1497,2
1498,1
1499,0
1500,3
1501,2
1502,1
1503,0
1504,3
1505,2
1506,1
1507,0
1508,3
1509,2
1510,1
1511,0
1512,3
1513,2
1514,1
1515,0
1516,3
1517,2
1518,1
1519,0
1520,3
1521,2
1522,1
1523,0
1524,3
1525,2
1526,1
1527,0
1528,3
1529,2
1530,1
1531,0
1532,3
1533,2
1534,1
1535,0
1536,3
1537,2
1538,1
1539,0
1540,3
1541,2
1542,1
1543,0
1544,3
1545,2
1546,1
1547,0
1548,3
1549,2
1550,1
1551,0
1552,3
1553,2
1554,1
1555,0
1556,3
1557,2
1558,1
1559,0
1560,3
1561,2
1562,1
1563,0
1564,3
1565,2
1566,1
1567,0
1568,3
1569,2
1570,1
1571,0
1572,3
1573,2
1574,1
1575,0
1576,3
1577,2
1578,1
1579,0
1580,3
1581,2
1582,1
1583,0
1584,3
1585,2
1586,1
1587,0
1588,3
1589,2
1590,1
1591,0
1592,3
1593,2
1594,1
1595,0
1596,3
1597,2
1598,1
1599,0
1600,3
1601,2
1602,1
1603,0
1604,3
1605,2
1606,1
1607,0
1608,3
1609,2
1610,1
1611,0
1612,3
1613,2
1614,1
1615,0
1616,3
1617,2
1618,1
1619,0
1620,3
1621,2
1622,1
1623,0
1624,3
1625,2
1626,1
1627,0
1628,3
1629,2
1630,1
1631,0
1632,3
1633,2
1634,1
1635,0
1636,3
1637,2
1638,1
1639,0
1640,3
1641,2
1642,1
1643,0
1644,3
1645,2
1646,1
1647,0
1648,3
1649,2
1650,1
1651,0
1652,3
1653,2
1654,1
1655,0
1656,3
1657,2
1658,1
1659,0
1660,3
1661,2
1662,1
1663,0
1664,3
1665,2
1666,1
1667,0
1668,3
1669,2
1670,1
1671,0
1672,3
1673,2
1674,1
1675,0
1676,3
1677,2
1678,1
1679,0
1680,3
1681,2
1682,1
1683,0
1684,3
1685,2
1686,1
1687,0
1688,3
1689,2
1690,1
1691,0
1692,3
1693,2
1694,1
1695,0
1696,3
1697,2
1698,1
1699,0
1700,3
1701,2
1702,1
1703,0
1704,3
1705,2
1706,1
1707,0
1708,3
1709,2
1710,1
1711,0
1712,3
1713,2
1714,1
1715,0
1716,3
1717,2
1718,1
1719,0
1720,3
1721,2
1722,1
1723,0
1724,3
1725,2
1726,1
1727,0
1728,3
1729,2
1730,1
1731,0
1732,3
1733,2
1734,1
1735,0
1736,3
1737,2
1738,1
1739,0
1740,3
1741,2
1742,1
1743,0
1744,3
1745,2
1746,1
1747,0
1748,3
1749,2
1750,1
1751,0
1752,3
1753,2
1754,1
1755,0
1756,3
1757,2
1758,1
1759,0
1760,3
1761,2
1762,1
1763,0
1764,3
1765,2
1766,1
1767,0
1768,3
1769,2
1770,1
1771,0
1772,3
1773,2
1774,1
1775,0
1776,3
1777,2
1778,1
1779,0
1780,3
1781,2
1782,1
1783,0
1784,3
1785,2
1786,1
1787,0
1788,3
1789,2
1790,1
1791,0
1792,3
1793,2
1794,1
1795,0
1796,3
1797,2
1798,1
1799,0
1800,3
1801,2
1802,1
1803,0
1804,3
1805,2
1806,1
1807,0
1808,3
1809,2
1810,1
1811,0
1812,3
1813,2
1814,1
1815,0
1816,3
1817,2
1818,1
1819,0
1820,3
1821,2
1822,1
1823,0
1824,3
1825,2
1826,1
1827,0
1828,3
1829,2
1830,1
1831,0
1832,3
1833,2
1834,1
1835,0
1836,3
1837,2
1838,1
1839,0
1840,3
1841,2
1842,1
1843,0
1844,3
1845,2
1846,1
1847,0
1848,3
1849,2
1850,1
1851,0
1852,3
1853,2
1854,1
1855,0
1856,3
1857,2
1858,1
1859,0
1860,3
1861,2
1862,1
1863,0
1864,3
1865,2
1866,1
1867,0
1868,3
1869,2
1870,1
1871,0
1872,3
1873,2
1874,1
1875,0
1876,3
1877,2
1878,1
1879,0
1880,3
1881,2
1882,1
1883,0
1884,3
1885,2
1886,1
1887,0
1888,3
1889,2
1890,1
1891,0
1892,3
1893,2
1894,1
1895,0
1896,3
1897,2
1898,1
1899,0
1900,3
1901,2
1902,1
1903,0
1904,3
1905,2
1906,1
1907,0
1908,3
1909,2
1910,1
1911,0
1912,3
1913,2
1914,1
1915,0
1916,3
1917,2
1918,1
1919,0
1920,3
1921,2
1922,1
1923,0
1924,3
1925,2
1926,1
1927,0
1928,3
1929,2
1930,1
1931,0
1932,3
1933,2
1934,1
1935,0
1936,3
1937,2
1938,1
1939,0
1940,3
1941,2
1942,1
1943,0
1944,3
1945,2
1946,1
1947,0
1948,3
1949,2
1950,1
1951,0
1952,3
1953,2
1954,1
1955,0
1956,3
1957,2
1958,1
1959,0
1960,3
1961,2
1962,1
1963,0
1964,3
1965,2
1966,1
1967,0
1968,3
1969,2
1970,1
1971,0
1972,3
1973,2
1974,1
1975,0
1976,3
1977,2
1978,1
1979,0
1980,3
1981,2
1982,1
1983,0
1984,3
1985,2
1986,1
1987,0
1988,3
1989,2
1990,1
1991,0
1992,3
1993,2
1994,1
1995,0
1996,3
1997,2
1998,1
1999,0
2000,3
2001,2
2002,1
2003,0
2004,3
2005,2
2006,1
2007,0
2008,3
2009,2
2010,1
2011,0
2012,3
2013,2
2014,1
2015,0
2016,3
2017,2
2018,1
2019,0
2020,3
2021,2
2022,1
2023,0
2024,3
2025,2
2026,1
2027,0
2028,3
2029,2
2030,1
2031,0
2032,3
2033,2
2034,1
2035,0
2036,3
2037,2
2038,1
2039,0
2040,3
2041,2
2042,1
2043,0
2044,3
2045,2
2046,1
2047,0
2048,3
2049,2
2050,1
2051,0
2052,3
2053,2
2054,1
2055,0
2056,3
2057,2
2058,1
2059,0
2060,3
2061,2
2062,1
2063,0
2064,3
2065,2
2066,1
2067,0
2068,3
2069,2
2070,1
2071,0
2072,3
2073,2
2074,1
2075,0
2076,3
2077,2
2078,1
2079,0
2080,3
2081,2
2082,1
2083,0
2084,3
2085,2
2086,1
2087,0
2088,3
2089,2
2090,1
2091,0
2092,3
2093,2
2094,1
2095,0
2096,3
2097,2
2098,1
2099,0
2100,3
2101,2
2102,1
2103,0
2104,3
2105,2
2106,1
2107,0
2108,3
2109,2
2110,1
2111,0
2112,3
2113,2
2114,1
2115,0
2116,3
2117,2
2118,1
2119,0
2120,3
2121,2
2122,1
2123,0
2124,3
2125,2
2126,1
2127,0
2128,3
2129,2
2130,1
2131,0
2132,3
2133,2
2134,1
2135,0
2136,3
2137,2
2138,1
2139,0
2140,3
2141,2
2142,1
2143,0
2144,3
2145,2
2146,1
2147,0
2148,3
2149,2
2150,1
2151,0
2152,3
2153,2
2154,1
2155,0
2156,3
2157,2
2158,1
2159,0
2160,3
2161,2
2162,1
2163,0
2164,3
2165,2
2166,1
2167,0
2168,3
2169,2
2170,1
2171,0
2172,3
2173,2
2174,1
2175,0
2176,3
2177,2
2178,1
2179,0
2180,3
2181,2
2182,1
2183,0
2184,3
2185,2
2186,1
2187,0
2188,3
2189,2
2190,1
2191,0
2192,3
2193,2
2194,1
2195,0
2196,3
2197,2
2198,1
2199,0
2200,3
2201,2
2202,1
2203,0
2204,3
2205,2
2206,1
2207,0
2208,3
2209,2
2210,1
2211,0
2212,3
2213,2
2214,1
2215,0
2216,3
2217,2
2218,1
2219,0
2220,3
2221,2
2222,1
2223,0
2224,3
2225,2
2226,1
2227,0
2228,3
2229,2
2230,1
2231,0
2232,3
2233,2
2234,1
2235,0
2236,3
2237,2
2238,1
2239,0
2240,3
2241,2
2242,1
2243,0
2244,3
2245,2
2246,1
2247,0
2248,3
2249,2
2250,1
2251,0
2252,3
2253,2
2254,1
2255,0
2256,3
2257,2
2258,1
2259,0
2260,3
2261,2
2262,1
2263,0
2264,3
2265,2
2266,1
2267,0
2268,3
2269,2
2270,1
2271,0
2272,3
2273,2
2274,1
2275,0
2276,3
2277,2
2278,1
2279,0
2280,3
2281,2
2282,1
2283,0
2284,3
2285,2
2286,1
2287,0
2288,3
2289,2
2290,1
2291,0
2292,3
2293,2
2294,1
2295,0
2296,3
2297,2
2298,1
2299,0
2300,3
2301,2
2302,1
2303,0
2304,3
2305,2
2306,1
2307,0
2308,3
2309,2
2310,1
2311,0
2312,3
2313,2
2314,1
2315,0
2316,3
2317,2
2318,1
2319,0
2320,3
2321,2
2322,1
2323,0
2324,3
2325,2
2326,1
2327,0
2328,3
2329,2
2330,1
2331,0
2332,3
2333,2
2334,1
2335,0
2336,3
2337,2
2338,1
2339,0
2340,3
2341,2
2342,1
2343,0
2344,3
2345,2
2346,1
2347,0
2348,3
2349,2
2350,1
2351,0
2352,3
2353,2
2354,1
2355,0
2356,3
2357,2
2358,1
2359,0
2360,3
2361,2
2362,1
2363,0
2364,3
2365,2
2366,1
2367,0
2368,3
2369,2
2370,1
2371,0
2372,3
2373,2
2374,1
2375,0
2376,3
2377,2
2378,1
2379,0
2380,3
2381,2
2382,1
2383,0
2384,3
2385,2
2386,1
2387,0
2388,3
2389,2
2390,1
2391,0
2392,3
2393,2
2394,1
2395,0
2396,3
2397,2
2398,1
2399,0
2400,3
2401,2
2402,1
2403,0
2404,3
2405,2
2406,1
2407,0
2408,3
2409,2
2410,1
2411,0
2412,3
2413,2
2414,1
2415,0
2416,3
2417,2
2418,1
2419,0
2420,3
2421,2
2422,1
2423,0
2424,3
2425,2
2426,1
2427,0
2428,3
2429,2
2430,1
2431,0
2432,3
2433,2
2434,1
2435,0
2436,3
2437,2
2438,1
2439,0
2440,3
2441,2
2442,1
2443,0
2444,3
2445,2
2446,1
2447,0
2448,3
2449,2
2450,1
2451,0
2452,3
2453,2
2454,1
2455,0
2456,3
2457,2
2458,1
2459,0
2460,3
2461,2
2462,1
2463,0
2464,3
2465,2
2466,1
2467,0
2468,3
2469,2
2470,1
2471,0
2472,3
2473,2
2474,1
2475,0
2476,3
2477,2
2478,1
2479,0
2480,3
2481,2
2482,1
2483,0
2484,3
2485,2
2486,1
2487,0
2488,3
2489,2
2490,1
2491,0
2492,3
2493,2
2494,1
2495,0
2496,3
2497,2
2498,1
2499,0
2500,3
2501,2
2502,1
2503,0
2504,3
2505,2
2506,1
2507,0
2508,3
2509,2
2510,1
2511,0
2512,3
2513,2
2514,1
2515,0
2516,3
2517,2
2518,1
2519,0
2520,3
2521,2
2522,1
2523,0
2524,3
2525,2
2526,1
2527,0
2528,3
2529,2
2530,1
2531,0
2532,3
2533,2
2534,1
2535,0
2536,3
2537,2
2538,1
2539,0
2540,3
2541,2
2542,1
2543,0
2544,3
2545,2
2546,1
2547,0
2548,3
2549,2
2550,1
2551,0
2552,3
2553,2
2554,1
2555,0
2556,3
2557,2
2558,1
2559,0
2560,3
2561,2
2562,1
2563,0
2564,3
2565,2
2566,1
2567,0
2568,3
2569,2
2570,1
2571,0
2572,3
2573,2
2574,1
2575,0
2576,3
2577,2
2578,1
2579,0
2580,3
2581,2
2582,1
2583,0
2584,3
2585,2
2586,1
2587,0
2588,3
2589,2
2590,1
2591,0
2592,3
2593,2
2594,1
2595,0
2596,3
2597,2
2598,1
2599,0
2600,3
2601,2
2602,1
2603,0
2604,3
2605,2
2606,1
2607,0
2608,3
2609,2
2610,1
2611,0
2612,3
2613,2
2614,1
2615,0
2616,3
2617,2
2618,1
2619,0
2620,3
2621,2
2622,1
2623,0
2624,3
2625,2
2626,1
2627,0
2628,3
2629,2
2630,1
2631,0
2632,3
2633,2
2634,1
2635,0
2636,3
2637,2
2638,1
2639,0
2640,3
2641,2
2642,1
2643,0
2644,3
2645,2
2646,1
2647,0
2648,3
2649,2
2650,1
2651,0
2652,3
2653,2
2654,1
2655,0
2656,3
2657,2
2658,1
2659,0
2660,3
2661,2
2662,1
2663,0
2664,3
2665,2
2666,1
2667,0
2668,3
2669,2
2670,1
2671,0
2672,3
2673,2
2674,1
2675,0
2676,3
2677,2
2678,1
2679,0
2680,3
2681,2
2682,1
2683,0
2684,3
2685,2
2686,1
2687,0
2688,3
2689,2
2690,1
2691,0
2692,3
2693,2
2694,1
2695,0
2696,3
2697,2
2698,1
2699,0
2700,3
2701,2
2702,1
2703,0
2704,3
2705,2
2706,1
2707,0
2708,3
2709,2
2710,1
2711,0
2712,3
2713,2
2714,1
2715,0
2716,3
2717,2
2718,1
2719,0
2720,3
2721,2
2722,1
2723,0
2724,3
2725,2
2726,1
2727,0
2728,3
2729,2
2730,1
2731,0
2732,3
2733,2
2734,1
2735,0
2736,3
2737,2
2738,1
2739,0
2740,3
2741,2
2742,1
2743,0
2744,3
2745,2
2746,1
2747,0
2748,3
2749,2
2750,1
2751,0
2752,3
2753,2
2754,1
2755,0
2756,3
2757,2
2758,1
2759,0
2760,3
2761,2
2762,1
2763,0
2764,3
2765,2
2766,1
2767,0
2768,3
2769,2
2770,1
2771,0
2772,3
2773,2
2774,1
2775,0
2776,3
2777,2
2778,1
2779,0
2780,3
2781,2
2782,1
2783,0
2784,3
2785,2
2786,1
2787,0
2788,3
2789,2
2790,1
2791,0
2792,3
2793,2
2794,1
2795,0
2796,3
2797,2
2798,1
2799,0
2800,3
2801,2
2802,1
2803,0
2804,3
2805,2
2806,1
2807,0
2808,3
2809,2
2810,1
2811,0
2812,3
2813,2
2814,1
2815,0
2816,3
2817,2
2818,1
2819,0
2820,3
2821,2
2822,1
2823,0
2824,3
2825,2
2826,1
2827,0
2828,3
2829,2
2830,1
2831,0
2832,3
2833,2
2834,1
2835,0
2836,3
2837,2
2838,1
2839,0
2840,3
2841,2
2842,1
2843,0
2844,3
2845,2
2846,1
2847,0
2848,3
2849,2
2850,1
2851,0
2852,3
2853,2
2854,1
2855,0
2856,3
2857,2
2858,1
2859,0
2860,3
2861,2
2862,1
2863,0
2864,3
2865,2
2866,1
2867,0
2868,3
2869,2
2870,1
2871,0
2872,3
2873,2
2874,1
2875,0
2876,3
2877,2
2878,1
2879,0
2880,3
2881,2
2882,1
2883,0
2884,3
2885,2
2886,1
2887,0
2888,3
2889,2
2890,1
2891,0
2892,3
2893,2
2894,1
2895,0
2896,3
2897,2
2898,1
2899,0
2900,3
2901,2
2902,1
2903,0
2904,3
2905,2
2906,1
2907,0
2908,3
2909,2
2910,1
2911,0
2912,3
2913,2
2914,1
2915,0
2916,3
2917,2
2918,1
2919,0
2920,3
2921,2
2922,1
2923,0
2924,3
2925,2
2926,1
2927,0
2928,3
2929,2
2930,1
2931,0
2932,3
2933,2
2934,1
2935,0
2936,3
2937,2
2938,1
2939,0
2940,3
2941,2
2942,1
2943,0
2944,3
2945,2
2946,1
2947,0
2948,3
2949,2
2950,1
2951,0
2952,3
2953,2
2954,1
2955,0
2956,3
2957,2
2958,1
2959,0
2960,3
2961,2
2962,1
2963,0
2964,3
2965,2
2966,1
2967,0
2968,3
2969,2
2970,1
2971,0
2972,3
2973,2
2974,1
2975,0
2976,3
2977,2
2978,1
2979,0
2980,3
2981,2
2982,1
2983,0
2984,3
2985,2
2986,1
2987,0
2988,3
2989,2
2990,1
2991,0
2992,3
2993,2
2994,1
2995,0
2996,3
2997,2
2998,1
2999,0
3000,3
3001,2
3002,1
3003,0
3004,3
3005,2
3006,1
3007,0
3008,3
3009,2
3010,1
3011,0
3012,3
3013,2
3014,1
3015,0
3016,3
3017,2
3018,1
3019,0
3020,3
3021,2
3022,1
3023,0
3024,3
3025,2
3026,1
3027,0
3028,3
3029,2
3030,1
3031,0
3032,3
3033,2
3034,1
3035,0
3036,3
3037,2
3038,1
3039,0
3040,3
3041,2
3042,1
3043,0
3044,3
3045,2
3046,1
3047,0
3048,3
3049,2
3050,1
3051,0
3052,3
3053,2
3054,1
3055,0
3056,3
3057,2
3058,1
3059,0
3060,3
3061,2
3062,1
3063,0
3064,3
3065,2
3066,1
3067,0
3068,3
3069,2
3070,1
3071,0
3072,3
3073,2
3074,1
3075,0
3076,3
3077,2
3078,1
3079,0
3080,3
3081,2
3082,1
3083,0
3084,3
3085,2
3086,1
3087,0
3088,3
3089,2
3090,1
3091,0
3092,3
3093,2
3094,1
3095,0
3096,3
3097,2
3098,1
3099,0
3100,3
3101,2
3102,1
3103,0
3104,3
3105,2
3106,1
3107,0
3108,3
3109,2
3110,1
3111,0
3112,3
3113,2
3114,1
3115,0
3116,3
3117,2
3118,1
3119,0
3120,3
3121,2
3122,1
3123,0
3124,3
3125,2
3126,1
3127,0
3128,3
3129,2
3130,1
3131,0
3132,3
3133,2
3134,1
3135,0
3136,3
3137,2
3138,1
3139,0
3140,3
3141,2
3142,1
3143,0
3144,3
3145,2
3146,1
3147,0
3148,3
3149,2
3150,1
3151,0
3152,3
3153,2
3154,1
3155,0
3156,3
3157,2
3158,1
3159,0
3160,3
3161,2
3162,1
3163,0
3164,3
3165,2
3166,1
3167,0
3168,3
3169,2
3170,1
3171,0
3172,3
3173,2
3174,1
3175,0
3176,3
3177,2
3178,1
3179,0
3180,3
3181,2
3182,1
3183,0
3184,3
3185,2
3186,1
3187,0
3188,3
3189,2
3190,1
3191,0
3192,3
3193,2
3194,1
3195,0
3196,3
3197,2
3198,1
3199,0
3200,3
3201,2
3202,1
3203,0
3204,3
3205,2
3206,1
3207,0
3208,3
3209,2
3210,1
3211,0
3212,3
3213,2
3214,1
3215,0
3216,3
3217,2
3218,1
3219,0
3220,3
3221,2
3222,1
3223,0
3224,3
3225,2
3226,1
3227,0
3228,3
3229,2
3230,1
3231,0
3232,3
3233,2
3234,1
3235,0
3236,3
3237,2
3238,1
3239,0
3240,3
3241,2
3242,1
3243,0
3244,3
3245,2
3246,1
3247,0
3248,3
3249,2
3250,1
3251,0
3252,3
3253,2
3254,1
3255,0
3256,3
3257,2
3258,1
3259,0
3260,3
3261,2
3262,1
3263,0
3264,3
3265,2
3266,1
3267,0
3268,3
3269,2
3270,1
3271,0
3272,3
3273,2
3274,1
3275,0
3276,3
3277,2
3278,1
3279,0
3280,3
3281,2
3282,1
3283,0
3284,3
3285,2
3286,1
3287,0
3288,3
3289,2
3290,1
3291,0
3292,3
3293,2
3294,1
3295,0
3296,3
3297,2
3298,1
3299,0
3300,3
3301,2
3302,1
3303,0
3304,3
3305,2
3306,1
3307,0
3308,3
3309,2
3310,1
3311,0
3312,3
3313,2
3314,1
3315,0
3316,3
3317,2
3318,1
3319,0
3320,3
3321,2
3322,1
3323,0
3324,3
3325,2
3326,1
3327,0
3328,3
3329,2
3330,1
3331,0
3332,3
3333,2
3334,1
3335,0
3336,3
3337,2
3338,1
3339,0
3340,3
3341,2
3342,1
3343,0
3344,3
3345,2
3346,1
3347,0
3348,3
3349,2
3350,1
3351,0
3352,3
3353,2
3354,1
3355,0
3356,3
3357,2
3358,1
3359,0
3360,3
3361,2
3362,1
3363,0
3364,3
3365,2
3366,1
3367,0
3368,3
3369,2
3370,1
3371,0
3372,3
3373,2
3374,1
3375,0
3376,3
3377,2
3378,1
3379,0
3380,3
3381,2
3382,1
3383,0
3384,3
3385,2
3386,1
3387,0
3388,3
3389,2
3390,1
3391,0
3392,3
3393,2
3394,1
3395,0
3396,3
3397,2
3398,1
3399,0
3400,3
3401,2
3402,1
3403,0
3404,3
3405,2
3406,1
3407,0
3408,3
3409,2
3410,1
3411,0
3412,3
3413,2
3414,1
3415,0
3416,3
3417,2
3418,1
3419,0
3420,3
3421,2
3422,1
3423,0
3424,3
3425,2
3426,1
3427,0
3428,3
3429,2
3430,1
3431,0
3432,3
3433,2
3434,1
3435,0
3436,3
3437,2
3438,1
3439,0
3440,3
3441,2
3442,1
3443,0
3444,3
3445,2
3446,1
3447,0
3448,3
3449,2
3450,1
3451,0
3452,3
3453,2
3454,1
3455,0
3456,3
3457,2
3458,1
3459,0
3460,3
3461,2
3462,1
3463,0
3464,3
3465,2
3466,1
3467,0
3468,3
3469,2
3470,1
3471,0
3472,3
3473,2
3474,1
3475,0
3476,3
3477,2
3478,1
3479,0
3480,3
3481,2
3482,1
3483,0
3484,3
3485,2
3486,1
3487,0
3488,3
3489,2
3490,1
3491,0
3492,3
3493,2
3494,1
3495,0
3496,3
3497,2
3498,1
3499,0
3500,3
3501,2
3502,1
3503,0
3504,3
3505,2
3506,1
3507,0
3508,3
3509,2
3510,1
3511,0
3512,3
3513,2
3514,1
3515,0
3516,3
3517,2
3518,1
3519,0
3520,3
3521,2
3522,1
3523,0
3524,3
3525,2
3526,1
3527,0
3528,3
3529,2
3530,1
3531,0
3532,3
3533,2
3534,1
3535,0
3536,3
3537,2
3538,1
3539,0
3540,3
3541,2
3542,1
3543,0
3544,3
3545,2
3546,1
3547,0
3548,3
3549,2
3550,1
3551,0
3552,3
3553,2
3554,1
3555,0
3556,3
3557,2
3558,1
3559,0
3560,3
3561,2
3562,1
3563,0
3564,3
3565,2
3566,1
3567,0
3568,3
3569,2
3570,1
3571,0
3572,3
3573,2
3574,1
3575,0
3576,3
3577,2
3578,1
3579,0
3580,3
3581,2
3582,1
3583,0
3584,3
3585,2
3586,1
3587,0
3588,3
3589,2
3590,1
3591,0
3592,3
3593,2
3594,1
3595,0
3596,3
3597,2
3598,1
3599,0
3600,3
3601,2
3602,1
3603,0
3604,3
3605,2
3606,1
3607,0
3608,3
3609,2
3610,1
3611,0
3612,3
3613,2
3614,1
3615,0
3616,3
3617,2
3618,1
3619,0
3620,3
3621,2
3622,1
3623,0
3624,3
3625,2
3626,1
3627,0
3628,3
3629,2
3630,1
3631,0
3632,3
3633,2
3634,1
3635,0
3636,3
3637,2
3638,1
3639,0
3640,3
3641,2
3642,1
3643,0
3644,3
3645,2
3646,1
3647,0
3648,3
3649,2
3650,1
3651,0
3652,3
3653,2
3654,1
3655,0
3656,3
3657,2
3658,1
3659,0
3660,3
3661,2
3662,1
3663,0
3664,3
3665,2
3666,1
3667,0
3668,3
3669,2
3670,1
3671,0
3672,3
3673,2
3674,1
3675,0
3676,3
3677,2
3678,1
3679,0
3680,3
3681,2
3682,1
3683,0
3684,3
3685,2
3686,1
3687,0
3688,3
3689,2
3690,1
3691,0
3692,3
3693,2
3694,1
3695,0
3696,3
3697,2
3698,1
3699,0
3700,3
3701,2
3702,1
3703,0
3704,3
3705,2
3706,1
3707,0
3708,3
3709,2
3710,1
3711,0
3712,3
3713,2
3714,1
3715,0
3716,3
3717,2
3718,1
3719,0
3720,3
3721,2
3722,1
3723,0
3724,3
3725,2
3726,1
3727,0
3728,3
3729,2
3730,1
3731,0
3732,3
3733,2
3734,1
3735,0
3736,3
3737,2
3738,1
3739,0
3740,3
3741,2
3742,1
3743,0
3744,3
3745,2
3746,1
3747,0
3748,3
3749,2
3750,1
3751,0
3752,3
3753,2
3754,1
3755,0
3756,3
3757,2
3758,1
3759,0
3760,3
3761,2
3762,1
3763,0
3764,3
3765,2
3766,1
3767,0
3768,3
3769,2
3770,1
3771,0
3772,3
3773,2
3774,1
3775,0
3776,3
3777,2
3778,1
3779,0
3780,3
3781,2
3782,1
3783,0
3784,3
3785,2
3786,1
3787,0
3788,3
3789,2
3790,1
3791,0
3792,3
3793,2
3794,1
3795,0
3796,3
3797,2
3798,1
3799,0
3800,3
3801,2
3802,1
3803,0
3804,3
3805,2
3806,1
3807,0
3808,3
3809,2
3810,1
3811,0
3812,3
3813,2
3814,1
3815,0
3816,3
3817,2
3818,1
3819,0
3820,3
3821,2
3822,1
3823,0
3824,3
3825,2
3826,1
3827,0
3828,3
3829,2
3830,1
3831,0
3832,3
3833,2
3834,1
3835,0
3836,3
3837,2
3838,1
3839,0
3840,3
3841,2
3842,1
3843,0
3844,3
3845,2
3846,1
3847,0
3848,3
3849,2
3850,1
3851,0
3852,3
3853,2
3854,1
3855,0
3856,3
3857,2
3858,1
3859,0
3860,3
3861,2
3862,1
3863,0
3864,3
3865,2
3866,1
3867,0
3868,3
3869,2
3870,1
3871,0
3872,3
3873,2
3874,1
3875,0
3876,3
3877,2
3878,1
3879,0
3880,3
3881,2
3882,1
3883,0
3884,3
3885,2
3886,1
3887,0
3888,3
3889,2
3890,1
3891,0
3892,3
3893,2
3894,1
3895,0
3896,3
3897,2
3898,1
3899,0
3900,3
3901,2
3902,1
3903,0
3904,3
3905,2
3906,1
3907,0
3908,3
3909,2
3910,1
3911,0
3912,3
3913,2
3914,1
3915,0
3916,3
3917,2
3918,1
3919,0
3920,3
3921,2
3922,1
3923,0
3924,3
3925,2
3926,1
3927,0
3928,3
3929,2
3930,1
3931,0
3932,3
3933,2
3934,1
3935,0
3936,3
3937,2
3938,1
3939,0
3940,3
3941,2
3942,1
3943,0
3944,3
3945,2
3946,1
3947,0
3948,3
3949,2
3950,1
3951,0
3952,3
3953,2
3954,1
3955,0
3956,3
3957,2
3958,1
3959,0
3960,3
3961,2
3962,1
3963,0
3964,3
3965,2
3966,1
3967,0
3968,3
3969,2
3970,1
3971,0
3972,3
3973,2
3974,1
3975,0
3976,3
3977,2
3978,1
3979,0
3980,3
3981,2
3982,1
3983,0
3984,3
3985,2
3986,1
3987,0
3988,3
3989,2
3990,1
3991,0
3992,3
3993,2
3994,1
3995,0
3996,3
3997,2
3998,1
3999,0
4000,3
4001,2
4002,1
4003,0
4004,3
4005,2
4006,1
4007,0
4008,3
4009,2
4010,1
4011,0
4012,3
4013,2
4014,1
4015,0
4016,3
4017,2
4018,1
4019,0
4020,3
4021,2
4022,1
4023,0
4024,3
4025,2
4026,1
4027,0
4028,3
4029,2
4030,1
4031,0
4032,3
4033,2
4034,1
4035,0
4036,3
4037,2
4038,1
4039,0
4040,3
4041,2
4042,1
4043,0
4044,3
4045,2
4046,1
4047,0
4048,3
4049,2
4050,1
4051,0
4052,3
4053,2
4054,1
4055,0
4056,3
4057,2
4058,1
4059,0
4060,3
4061,2
4062,1
4063,0
4064,3
4065,2
4066,1
4067,0
4068,3
4069,2
4070,1
4071,0
4072,3
4073,2
4074,1
4075,0
4076,3
4077,2
4078,1
4079,0
4080,3
4081,2
4082,1
4083,0
4084,3
4085,2
4086,1
4087,0
4088,3
4089,2
4090,1
4091,0
4092,3
4093,2
4094,1
4095,0
4096,3
4097,2
4098,1
4099,0
4100,3
4101,2
4102,1
4103,0
4104,3
4105,2
4106,1
4107,0
4108,3
4109,2
4110,1
4111,0
4112,3
4113,2
4114,1
4115,0
4116,3
4117,2
4118,1
4119,0
4120,3
4121,2
4122,1
4123,0
4124,3
4125,2
4126,1
4127,0
4128,3
4129,2
4130,1
4131,0
4132,3
4133,2
4134,1
4135,0
4136,3
4137,2
4138,1
4139,0
4140,3
4141,2
4142,1
4143,0
4144,3
4145,2
4146,1
4147,0
4148,3
4149,2
4150,1
4151,0
4152,3
4153,2
4154,1
4155,0
4156,3
4157,2
4158,1
4159,0
4160,3
4161,2
4162,1
4163,0
4164,3
4165,2
4166,1
4167,0
4168,3
4169,2
4170,1
4171,0
4172,3
4173,2
4174,1
4175,0
4176,3
4177,2
4178,1
4179,0
4180,3
4181,2
4182,1
4183,0
4184,3
4185,2
4186,1
4187,0
4188,3
4189,2
4190,1
4191,0
4192,3
4193,2
4194,1
4195,0
4196,3
4197,2
4198,1
4199,0
4200,3
4201,2
4202,1
4203,0
4204,3
4205,2
4206,1
4207,0
4208,3
4209,2
4210,1
4211,0
4212,3
4213,2
4214,1
4215,0
4216,3
4217,2
4218,1
4219,0
4220,3
4221,2
4222,1
4223,0
4224,3
4225,2
4226,1
4227,0
4228,3
4229,2
4230,1
4231,0
4232,3
4233,2
4234,1
4235,0
4236,3
4237,2
4238,1
4239,0
4240,3
4241,2
4242,1
4243,0
4244,3
4245,2
4246,1
4247,0
4248,3
4249,2
4250,1
4251,0
4252,3
4253,2
4254,1
4255,0
4256,3
4257,2
4258,1
4259,0
4260,3
4261,2
4262,1
4263,0
4264,3
4265,2
4266,1
4267,0
4268,3
4269,2
4270,1
4271,0
4272,3
4273,2
4274,1
4275,0
4276,3
4277,2
4278,1
4279,0
4280,3
4281,2
4282,1
4283,0
4284,3
4285,2
4286,1
4287,0
4288,3
4289,2
4290,1
4291,0
4292,3
4293,2
4294,1
4295,0
4296,3
4297,2
4298,1
4299,0
4300,3
4301,2
4302,1
4303,0
4304,3
4305,2
4306,1
4307,0
4308,3
4309,2
4310,1
4311,0
4312,3
4313,2
4314,1
4315,0
4316,3
4317,2
4318,1
4319,0
4320,3
4321,2
4322,1
4323,0
4324,3
4325,2
4326,1
4327,0
4328,3
4329,2
4330,1
4331,0
4332,3
4333,2
4334,1
4335,0
4336,3
4337,2
4338,1
4339,0
4340,3
4341,2
4342,1
4343,0
4344,3
4345,2
4346,1
4347,0
4348,3
4349,2
4350,1
4351,0
4352,3
4353,2
4354,1
4355,0
4356,3
4357,2
4358,1
4359,0
4360,3
4361,2
4362,1
4363,0
4364,3
4365,2
4366,1
4367,0
4368,3
4369,2
4370,1
4371,0
4372,3
4373,2
4374,1
4375,0
4376,3
4377,2
4378,1
4379,0
4380,3
4381,2
4382,1
4383,0
4384,3
4385,2
4386,1
4387,0
4388,3
4389,2
4390,1
4391,0
4392,3
4393,2
4394,1
4395,0
4396,3
4397,2
4398,1
4399,0
4400,3
4401,2
4402,1
4403,0
4404,3
4405,2
4406,1
4407,0
4408,3
4409,2
4410,1
4411,0
4412,3
4413,2
4414,1
4415,0
4416,3
4417,2
4418,1
4419,0
4420,3
4421,2
4422,1
4423,0
4424,3
4425,2
4426,1
4427,0
4428,3
4429,2
4430,1
4431,0
4432,3
4433,2
4434,1
4435,0
4436,3
4437,2
4438,1
4439,0
4440,3
4441,2
4442,1
4443,0
4444,3
4445,2
4446,1
4447,0
4448,3
4449,2
4450,1
4451,0
4452,3
4453,2
4454,1
4455,0
4456,3
4457,2
4458,1
4459,0
4460,3
4461,2
4462,1
4463,0
4464,3
4465,2
4466,1
4467,0
4468,3
4469,2
4470,1
4471,0
4472,3
4473,2
4474,1
4475,0
4476,3
4477,2
4478,1
4479,0
4480,3
4481,2
4482,1
4483,0
4484,3
4485,2
4486,1
4487,0
4488,3
4489,2
4490,1
4491,0
4492,3
4493,2
4494,1
4495,0
4496,3
4497,2
4498,1
4499,0
4500,3
4501,2
4502,1
4503,0
4504,3
4505,2
4506,1
4507,0
4508,3
4509,2
4510,1
4511,0
4512,3
4513,2
4514,1
4515,0
4516,3
4517,2
4518,1
4519,0
4520,3
4521,2
4522,1
4523,0
4524,3
4525,2
4526,1
4527,0
4528,3
4529,2
4530,1
4531,0
4532,3
4533,2
4534,1
4535,0
4536,3
4537,2
4538,1
4539,0
4540,3
4541,2
4542,1
4543,0
4544,3
4545,2
4546,1
4547,0
4548,3
4549,2
4550,1
4551,0
4552,3
4553,2
4554,1
4555,0
4556,3
4557,2
4558,1
4559,0
4560,3
4561,2
4562,1
4563,0
4564,3
4565,2
4566,1
4567,0
4568,3
4569,2
4570,1
4571,0
4572,3
4573,2
4574,1
4575,0
4576,3
4577,2
4578,1
4579,0
4580,3
4581,2
4582,1
4583,0
4584,3
4585,2
4586,1
4587,0
4588,3
4589,2
4590,1
4591,0
4592,3
4593,2
4594,1
4595,0
4596,3
4597,2
4598,1
4599,0
4600,3
4601,2
4602,1
4603,0
4604,3
4605,2
4606,1
4607,0
4608,3
4609,2
4610,1
4611,0
4612,3
4613,2
4614,1
4615,0
4616,3
4617,2
4618,1
4619,0
4620,3
4621,2
4622,1
4623,0
4624,3
4625,2
4626,1
4627,0
4628,3
4629,2
4630,1
4631,0
4632,3
4633,2
4634,1
4635,0
4636,3
4637,2
4638,1
4639,0
4640,3
4641,2
4642,1
4643,0
4644,3
4645,2
4646,1
4647,0
4648,3
4649,2
4650,1
4651,0
4652,3
4653,2
4654,1
4655,0
4656,3
4657,2
4658,1
4659,0
4660,3
4661,2
4662,1
4663,0
4664,3
4665,2
4666,1
4667,0
4668,3
4669,2
4670,1
4671,0
4672,3
4673,2
4674,1
4675,0
4676,3
4677,2
4678,1
4679,0
4680,3
4681,2
4682,1
4683,0
4684,3
4685,2
4686,1
4687,0
4688,3
4689,2
4690,1
4691,0
4692,3
4693,2
4694,1
4695,0
4696,3
4697,2
4698,1
4699,0
4700,3
4701,2
4702,1
4703,0
4704,3
4705,2
4706,1
4707,0
4708,3
4709,2
4710,1
4711,0
4712,3
4713,2
4714,1
4715,0
4716,3
4717,2
4718,1
4719,0
4720,3
4721,2
4722,1
4723,0
4724,3
4725,2
4726,1
4727,0
4728,3
4729,2
4730,1
4731,0
4732,3
4733,2
4734,1
4735,0
4736,3
4737,2
4738,1
4739,0
4740,3
4741,2
4742,1
4743,0
4744,3
4745,2
4746,1
4747,0
4748,3
4749,2
4750,1
4751,0
4752,3
4753,2
4754,1
4755,0
4756,3
4757,2
4758,1
4759,0
4760,3
4761,2
4762,1
4763,0
4764,3
4765,2
4766,1
4767,0
4768,3
4769,2
4770,1
4771,0
4772,3
4773,2
4774,1
4775,0
4776,3
4777,2
4778,1
4779,0
4780,3
4781,2
4782,1
4783,0
4784,3
4785,2
4786,1
4787,0
4788,3
4789,2
4790,1
4791,0
4792,3
4793,2
4794,1
4795,0
4796,3
4797,2
4798,1
4799,0
4800,3
4801,2
4802,1
4803,0
4804,3
4805,2
4806,1
4807,0
4808,3
4809,2
4810,1
4811,0
4812,3
4813,2
4814,1
4815,0
4816,3
4817,2
4818,1
4819,0
4820,3
4821,2
4822,1
4823,0
4824,3
4825,2
4826,1
4827,0
4828,3
4829,2
4830,1
4831,0
4832,3
4833,2
4834,1
4835,0
4836,3
4837,2
4838,1
4839,0
4840,3
4841,2
4842,1
4843,0
4844,3
4845,2
4846,1
4847,0
4848,3
4849,2
4850,1
4851,0
4852,3
4853,2
4854,1
4855,0
4856,3
4857,2
4858,1
4859,0
4860,3
4861,2
4862,1
4863,0
4864,3
4865,2
4866,1
4867,0
4868,3
4869,2
4870,1
4871,0
4872,3
4873,2
4874,1
4875,0
4876,3
4877,2
4878,1
4879,0
4880,3
4881,2
4882,1
4883,0
4884,3
4885,2
4886,1
4887,0
4888,3
4889,2
4890,1
4891,0
4892,3
4893,2
4894,1
4895,0
4896,3
4897,2
4898,1
4899,0
4900,3
4901,2
4902,1
4903,0
4904,3
4905,2
4906,1
4907,0
4908,3
4909,2
4910,1
4911,0
4912,3
4913,2
4914,1
4915,0
4916,3
4917,2
4918,1
4919,0
4920,3
4921,2
4922,1
4923,0
4924,3
4925,2
4926,1
4927,0
4928,3
4929,2
4930,1
4931,0
4932,3
4933,2
4934,1
4935,0
4936,3
4937,2
4938,1
4939,0
4940,3
4941,2
4942,1
4943,0
4944,3
4945,2
4946,1
4947,0
4948,3
4949,2
4950,1
4951,0
4952,3
4953,2
4954,1
4955,0
4956,3
4957,2
4958,1
4959,0
4960,3
4961,2
4962,1
4963,0
4964,3
4965,2
4966,1
4967,0
4968,3
4969,2
4970,1
4971,0
4972,3
4973,2
4974,1
4975,0
4976,3
4977,2
4978,1
4979,0
4980,3
4981,2
4982,1
4983,0
4984,3
4985,2
4986,1
4987,0
4988,3
4989,2
4990,1
4991,0
4992,3
4993,2
4994,1
4995,0
4996,3
4997,2
4998,1
4999,0
5000,3
5001,2
5002,1
5003,0
5004,3
5005,2
5006,1
5007,0
5008,3
5009,2
5010,1
5011,0
5012,3
5013,2
5014,1
5015,0
5016,3
5017,2
5018,1
5019,0
5020,3
5021,2
5022,1
5023,0
5024,3
5025,2
5026,1
5027,0
5028,3
5029,2
5030,1
5031,0
5032,3
5033,2
5034,1
5035,0
5036,3
5037,2
5038,1
5039,0
5040,3
5041,2
5042,1
5043,0
5044,3
5045,2
5046,1
5047,0
5048,3
5049,2
5050,1
5051,0
5052,3
5053,2
5054,1
5055,0
5056,3
5057,2
5058,1
5059,0
5060,3
5061,2
5062,1
5063,0
5064,3
5065,2
5066,1
5067,0
5068,3
5069,2
5070,1
5071,0
5072,3
5073,2
5074,1
5075,0
5076,3
5077,2
5078,1
5079,0
5080,3
5081,2
5082,1
5083,0
5084,3
5085,2
5086,1
5087,0
5088,3
5089,2
5090,1
5091,0
5092,3
5093,2
5094,1
5095,0
5096,3
5097,2
5098,1
5099,0
5100,3
5101,2
5102,1
5103,0
5104,3
5105,2
5106,1
5107,0
5108,3
5109,2
5110,1
5111,0
5112,3
5113,2
5114,1
5115,0
5116,3
5117,2
5118,1
5119,0
5120,3
5121,2
5122,1
5123,0
5124,3
5125,2
5126,1
5127,0
5128,3
5129,2
5130,1
5131,0
5132,3
5133,2
5134,1
5135,0
5136,3
5137,2
5138,1
5139,0
5140,3
5141,2
5142,1
5143,0
5144,3
5145,2
5146,1
5147,0
5148,3
5149,2
5150,1
5151,0
5152,3
5153,2
5154,1
5155,0
5156,3
5157,2
5158,1
5159,0
5160,3
5161,2
5162,1
5163,0
5164,3
5165,2
5166,1
5167,0
5168,3
5169,2
5170,1
5171,0
5172,3
5173,2
5174,1
5175,0
5176,3
5177,2
5178,1
5179,0
5180,3
5181,2
5182,1
5183,0
5184,3
5185,2
5186,1
5187,0
5188,3
5189,2
5190,1
5191,0
5192,3
5193,2
5194,1
5195,0
5196,3
5197,2
5198,1
5199,0
5200,3
5201,2
5202,1
5203,0
5204,3
5205,2
5206,1
5207,0
5208,3
5209,2
5210,1
5211,0
5212,3
5213,2
5214,1
5215,0
5216,3
5217,2
5218,1
5219,0
5220,3
5221,2
5222,1
5223,0
5224,3
5225,2
5226,1
5227,0
5228,3
5229,2
5230,1
5231,0
5232,3
5233,2
5234,1
5235,0
5236,3
5237,2
5238,1
5239,0
5240,3
5241,2
5242,1
5243,0
5244,3
5245,2
5246,1
5247,0
5248,3
5249,2
5250,1
5251,0
5252,3
5253,2
5254,1
5255,0
5256,3
5257,2
5258,1
5259,0
5260,3
5261,2
5262,1
5263,0
5264,3
5265,2
5266,1
5267,0
5268,3
5269,2
5270,1
5271,0
5272,3
5273,2
5274,1
5275,0
5276,3
5277,2
5278,1
5279,0
5280,3
5281,2
5282,1
5283,0
5284,3
5285,2
5286,1
5287,0
5288,3
5289,2
5290,1
5291,0
5292,3
5293,2
5294,1
5295,0
5296,3
5297,2
5298,1
5299,0
5300,3
5301,2
5302,1
5303,0
5304,3
5305,2
5306,1
5307,0
5308,3
5309,2
5310,1
5311,0
5312,3
5313,2
5314,1
5315,0
5316,3
5317,2
5318,1
5319,0
5320,3
5321,2
5322,1
5323,0
5324,3
5325,2
5326,1
5327,0
5328,3
5329,2
5330,1
5331,0
5332,3
5333,2
5334,1
5335,0
5336,3
5337,2
5338,1
5339,0
5340,3
5341,2
5342,1
5343,0
5344,3
5345,2
5346,1
5347,0
5348,3
5349,2
5350,1
5351,0
5352,3
5353,2
5354,1
5355,0
5356,3
5357,2
5358,1
5359,0
5360,3
5361,2
5362,1
5363,0
5364,3
5365,2
5366,1
5367,0
5368,3
5369,2
5370,1
5371,0
5372,3
5373,2
5374,1
5375,0
5376,3
5377,2
5378,1
5379,0
5380,3
5381,2
5382,1
5383,0
5384,3
5385,2
5386,1
5387,0
5388,3
5389,2
5390,1
5391,0
5392,3
5393,2
5394,1
5395,0
5396,3
5397,2
5398,1
5399,0
5400,3
5401,2
5402,1
5403,0
5404,3
5405,2
5406,1
5407,0
5408,3
5409,2
5410,1
5411,0
5412,3
5413,2
5414,1
5415,0
5416,3
5417,2
5418,1
5419,0
5420,3
5421,2
5422,1
5423,0
5424,3
5425,2
5426,1
5427,0
5428,3
5429,2
5430,1
5431,0
5432,3
5433,2
5434,1
5435,0
5436,3
5437,2
5438,1
5439,0
5440,3
5441,2
5442,1
5443,0
5444,3
5445,2
5446,1
5447,0
5448,3
5449,2
5450,1
5451,0
5452,3
5453,2
5454,1
5455,0
5456,3
5457,2
5458,1
5459,0
5460,3
5461,2
5462,1
5463,0
5464,3
5465,2
5466,1
5467,0
5468,3
5469,2
5470,1
5471,0
5472,3
5473,2
5474,1
5475,0
5476,3
5477,2
5478,1
5479,0
5480,3
5481,2
5482,1
5483,0
5484,3
5485,2
5486,1
5487,0
5488,3
5489,2
5490,1
5491,0
5492,3
5493,2
5494,1
5495,0
5496,3
5497,2
5498,1
5499,0
5500,3
5501,2
5502,1
5503,0
5504,3
5505,2
5506,1
5507,0
5508,3
5509,2
5510,1
5511,0
5512,3
5513,2
5514,1
5515,0
5516,3
5517,2
5518,1
5519,0
5520,3
5521,2
5522,1
5523,0
5524,3
5525,2
5526,1
5527,0
5528,3
5529,2
5530,1
5531,0
5532,3
5533,2
5534,1
5535,0
5536,3
5537,2
5538,1
5539,0
5540,3
5541,2
5542,1
5543,0
5544,3
5545,2
5546,1
5547,0
5548,3
5549,2
5550,1
5551,0
5552,3
5553,2
5554,1
5555,0
5556,3
5557,2
5558,1
5559,0
5560,3
5561,2
5562,1
5563,0
5564,3
5565,2
5566,1
5567,0
5568,3
5569,2
5570,1
5571,0
5572,3
5573,2
5574,1
5575,0
5576,3
5577,2
5578,1
5579,0
5580,3
5581,2
5582,1
5583,0
5584,3
5585,2
5586,1
5587,0
5588,3
5589,2
5590,1
5591,0
5592,3
5593,2
5594,1
5595,0
5596,3
5597,2
5598,1
5599,0
5600,3
5601,2
5602,1
5603,0
5604,3
5605,2
5606,1
5607,0
5608,3
5609,2
5610,1
5611,0
5612,3
5613,2
5614,1
5615,0
5616,3
5617,2
5618,1
5619,0
5620,3
5621,2
5622,1
5623,0
5624,3
5625,2
5626,1
5627,0
5628,3
5629,2
5630,1
5631,0
5632,3
5633,2
5634,1
5635,0
5636,3
5637,2
5638,1
5639,0
5640,3
5641,2
5642,1
5643,0
5644,3
5645,2
5646,1
5647,0
5648,3
5649,2
5650,1
5651,0
5652,3
5653,2
5654,1
5655,0
5656,3
5657,2
5658,1
5659,0
5660,3
5661,2
5662,1
5663,0
5664,3
5665,2
5666,1
5667,0
5668,3
5669,2
5670,1
5671,0
5672,3
5673,2
5674,1
5675,0
5676,3
5677,2
5678,1
5679,0
5680,3
5681,2
5682,1
5683,0
5684,3
5685,2
5686,1
5687,0
5688,3
5689,2
5690,1
5691,0
5692,3
5693,2
5694,1
5695,0
5696,3
5697,2
5698,1
5699,0
5700,3
5701,2
5702,1
5703,0
5704,3
5705,2
5706,1
5707,0
5708,3
5709,2
5710,1
5711,0
5712,3
5713,2
5714,1
5715,0
5716,3
5717,2
5718,1
5719,0
5720,3
5721,2
5722,1
5723,0
5724,3
5725,2
5726,1
5727,0
5728,3
5729,2
5730,1
5731,0
5732,3
5733,2
5734,1
5735,0
5736,3
5737,2
5738,1
5739,0
5740,3
5741,2
5742,1
5743,0
5744,3
5745,2
5746,1
5747,0
5748,3
5749,2
5750,1
5751,0
5752,3
5753,2
5754,1
5755,0
5756,3
5757,2
5758,1
5759,0
5760,3
5761,2
5762,1
5763,0
5764,3
5765,2
5766,1
5767,0
5768,3
5769,2
5770,1
5771,0
5772,3
5773,2
5774,1
5775,0
5776,3
5777,2
5778,1
5779,0
5780,3
5781,2
5782,1
5783,0
5784,3
5785,2
5786,1
5787,0
5788,3
5789,2
5790,1
5791,0
5792,3
5793,2
5794,1
5795,0
5796,3
5797,2
5798,1
5799,0
5800,3
5801,2
5802,1
5803,0
5804,3
5805,2
5806,1
5807,0
5808,3
5809,2
5810,1
5811,0
5812,3
5813,2
5814,1
5815,0
5816,3
5817,2
5818,1
5819,0
5820,3
5821,2
5822,1
5823,0
5824,3
5825,2
5826,1
5827,0
5828,3
5829,2
5830,1
5831,0
5832,3
5833,2
5834,1
5835,0
5836,3
5837,2
5838,1
5839,0
5840,3
5841,2
5842,1
5843,0
5844,3
5845,2
5846,1
5847,0
5848,3
5849,2
5850,1
5851,0
5852,3
5853,2
5854,1
5855,0
5856,3
5857,2
5858,1
5859,0
5860,3
5861,2
5862,1
5863,0
5864,3
5865,2
5866,1
5867,0
5868,3
5869,2
5870,1
5871,0
5872,3
5873,2
5874,1
5875,0
5876,3
5877,2
5878,1
5879,0
5880,3
5881,2
5882,1
5883,0
5884,3
5885,2
5886,1
5887,0
5888,3
5889,2
5890,1
5891,0
5892,3
5893,2
5894,1
5895,0
5896,3
5897,2
5898,1
5899,0
5900,3
5901,2
5902,1
5903,0
5904,3
5905,2
5906,1
5907,0
5908,3
5909,2
5910,1
5911,0
5912,3
5913,2
5914,1
5915,0
5916,3
5917,2
5918,1
5919,0
5920,3
5921,2
5922,1
5923,0
5924,3
5925,2
5926,1
5927,0
5928,3
5929,2
5930,1
5931,0
5932,3
5933,2
5934,1
5935,0
5936,3
5937,2
5938,1
5939,0
5940,3
5941,2
5942,1
5943,0
5944,3
5945,2
5946,1
5947,0
5948,3
5949,2
5950,1
5951,0
5952,3
5953,2
5954,1
5955,0
5956,3
5957,2
5958,1
5959,0
5960,3
5961,2
5962,1
5963,0
5964,3
5965,2
5966,1
5967,0
5968,3
5969,2
5970,1
5971,0
5972,3
5973,2
5974,1
5975,0
5976,3
5977,2
5978,1
5979,0
5980,3
5981,2
5982,1
5983,0
5984,3
5985,2
5986,1
5987,0
5988,3
5989,2
5990,1
5991,0
5992,3
5993,2
5994,1
5995,0
5996,3
5997,2
5998,1
5999,0
6000,3
6001,2
6002,1
6003,0
6004,3
6005,2
6006,1
6007,0
6008,3
6009,2
6010,1
6011,0
6012,3
6013,2
6014,1
6015,0
6016,3
6017,2
6018,1
6019,0
6020,3
6021,2
6022,1
6023,0
6024,3
6025,2
6026,1
6027,0
6028,3
6029,2
6030,1
6031,0
6032,3
6033,2
6034,1
6035,0
6036,3
6037,2
6038,1
6039,0
6040,3
6041,2
6042,1
6043,0
6044,3
6045,2
6046,1
6047,0
6048,3
6049,2
6050,1
6051,0
6052,3
6053,2
6054,1
6055,0
6056,3
6057,2
6058,1
6059,0
6060,3
6061,2
6062,1
6063,0
6064,3
6065,2
6066,1
6067,0
6068,3
6069,2
6070,1
6071,0
6072,3
6073,2
6074,1
6075,0
6076,3
6077,2
6078,1
6079,0
6080,3
6081,2
6082,1
6083,0
6084,3
6085,2
6086,1
6087,0
6088,3
6089,2
6090,1
6091,0
6092,3
6093,2
6094,1
6095,0
6096,3
6097,2
6098,1
6099,0
6100,3
6101,2
6102,1
6103,0
6104,3
6105,2
6106,1
6107,0
6108,3
6109,2
6110,1
6111,0
6112,3
6113,2
6114,1
6115,0
6116,3
6117,2
6118,1
6119,0
6120,3
6121,2
6122,1
6123,0
6124,3
6125,2
6126,1
6127,0
6128,3
6129,2
6130,1
6131,0
6132,3
6133,2
6134,1
6135,0
6136,3
6137,2
6138,1
6139,0
6140,3
6141,2
6142,1
6143,0
6144,3
6145,2
6146,1
6147,0
6148,3
6149,2
6150,1
6151,0
6152,3
6153,2
6154,1
6155,0
6156,3
6157,2
6158,1
6159,0
6160,3
6161,2
6162,1
6163,0
6164,3
6165,2
6166,1
6167,0
6168,3
6169,2
6170,1
6171,0
6172,3
6173,2
6174,1
6175,0
6176,3
6177,2
6178,1
6179,0
6180,3
6181,2
6182,1
6183,0
6184,3
6185,2
6186,1
6187,0
6188,3
6189,2
6190,1
6191,0
6192,3
6193,2
6194,1
6195,0
6196,3
6197,2
6198,1
6199,0
6200,3
6201,2
6202,1
6203,0
6204,3
6205,2
6206,1
6207,0
6208,3
6209,2
6210,1
6211,0
6212,3
6213,2
6214,1
6215,0
6216,3
6217,2
6218,1
6219,0
6220,3
6221,2
6222,1
6223,0
6224,3
6225,2
6226,1
6227,0
6228,3
6229,2
6230,1
6231,0
6232,3
6233,2
6234,1
6235,0
6236,3
6237,2
6238,1
6239,0
6240,3
6241,2
6242,1
6243,0
6244,3
6245,2
6246,1
6247,0
6248,3
6249,2
6250,1
6251,0
6252,3
6253,2
6254,1
6255,0
6256,3
6257,2
6258,1
6259,0
6260,3
6261,2
6262,1
6263,0
6264,3
6265,2
6266,1
6267,0
6268,3
6269,2
6270,1
6271,0
6272,3
6273,2
6274,1
6275,0
6276,3
6277,2
6278,1
6279,0
6280,3
6281,2
6282,1
6283,0
6284,3
6285,2
6286,1
6287,0
6288,3
6289,2
6290,1
6291,0
6292,3
6293,2
6294,1
6295,0
6296,3
6297,2
6298,1
6299,0
6300,3
6301,2
6302,1
6303,0
6304,3
6305,2
6306,1
6307,0
6308,3
6309,2
6310,1
6311,0
6312,3
6313,2
6314,1
6315,0
6316,3
6317,2
6318,1
6319,0
6320,3
6321,2
6322,1
6323,0
6324,3
6325,2
6326,1
6327,0
6328,3
6329,2
6330,1
6331,0
6332,3
6333,2
6334,1
6335,0
6336,3
6337,2
6338,1
6339,0
6340,3
6341,2
6342,1
6343,0
6344,3
6345,2
6346,1
6347,0
6348,3
6349,2
6350,1
6351,0
6352,3
6353,2
6354,1
6355,0
6356,3
6357,2
6358,1
6359,0
6360,3
6361,2
6362,1
6363,0
6364,3
6365,2
6366,1
6367,0
6368,3
6369,2
6370,1
6371,0
6372,3
6373,2
6374,1
6375,0
6376,3
6377,2
6378,1
6379,0
6380,3
6381,2
6382,1
6383,0
6384,3
6385,2
6386,1
6387,0
6388,3
6389,2
6390,1
6391,0
6392,3
6393,2
6394,1
6395,0
6396,3
6397,2
6398,1
6399,0
6400,3
6401,2
6402,1
6403,0
6404,3
6405,2
6406,1
6407,0
6408,3
6409,2
6410,1
6411,0
6412,3
6413,2
6414,1
6415,0
6416,3
6417,2
6418,1
6419,0
6420,3
6421,2
6422,1
6423,0
6424,3
6425,2
6426,1
6427,0
6428,3
6429,2
6430,1
6431,0
6432,3
6433,2
6434,1
6435,0
6436,3
6437,2
6438,1
6439,0
6440,3
6441,2
6442,1
6443,0
6444,3
6445,2
6446,1
6447,0
6448,3
6449,2
6450,1
6451,0
6452,3
6453,2
6454,1
6455,0
6456,3
6457,2
6458,1
6459,0
6460,3
6461,2
6462,1
6463,0
6464,3
6465,2
6466,1
6467,0
6468,3
6469,2
6470,1
6471,0
6472,3
6473,2
6474,1
6475,0
6476,3
6477,2
6478,1
6479,0
6480,3
6481,2
6482,1
6483,0
6484,3
6485,2
6486,1
6487,0
6488,3
6489,2
6490,1
6491,0
6492,3
6493,2
6494,1
6495,0
6496,3
6497,2
6498,1
6499,0
6500,3
6501,2
6502,1
6503,0
6504,3
6505,2
6506,1
6507,0
6508,3
6509,2
6510,1
6511,0
6512,3
6513,2
6514,1
6515,0
6516,3
6517,2
6518,1
6519,0
6520,3
6521,2
6522,1
6523,0
6524,3
6525,2
6526,1
6527,0
6528,3
6529,2
6530,1
6531,0
6532,3
6533,2
6534,1
6535,0
6536,3
6537,2
6538,1
6539,0
6540,3
6541,2
6542,1
6543,0
6544,3
6545,2
6546,1
6547,0
6548,3
6549,2
6550,1
6551,0
6552,3
6553,2
6554,1
6555,0
6556,3
6557,2
6558,1
6559,0
6560,3
6561,2
6562,1
6563,0
6564,3
6565,2
6566,1
6567,0
6568,3
6569,2
6570,1
6571,0
6572,3
6573,2
6574,1
6575,0
6576,3
6577,2
6578,1
6579,0
6580,3
6581,2
6582,1
6583,0
6584,3
6585,2
6586,1
6587,0
6588,3
6589,2
6590,1
6591,0
6592,3
6593,2
6594,1
6595,0
6596,3
6597,2
6598,1
6599,0
6600,3
6601,2
6602,1
6603,0
6604,3
6605,2
6606,1
6607,0
6608,3
6609,2
6610,1
6611,0
6612,3
6613,2
6614,1
6615,0
6616,3
6617,2
6618,1
6619,0
6620,3
6621,2
6622,1
6623,0
6624,3
6625,2
6626,1
6627,0
6628,3
6629,2
6630,1
6631,0
6632,3
6633,2
6634,1
6635,0
6636,3
6637,2
6638,1
6639,0
6640,3
6641,2
6642,1
6643,0
6644,3
6645,2
6646,1
6647,0
6648,3
6649,2
6650,1
6651,0
6652,3
6653,2
6654,1
6655,0
6656,3
6657,2
6658,1
6659,0
6660,3
6661,2
6662,1
6663,0
6664,3
6665,2
6666,1
6667,0
6668,3
6669,2
6670,1
6671,0
6672,3
6673,2
6674,1
6675,0
6676,3
6677,2
6678,1
6679,0
6680,3
6681,2
6682,1
6683,0
6684,3
6685,2
6686,1
6687,0
6688,3
6689,2
6690,1
6691,0
6692,3
6693,2
6694,1
6695,0
6696,3
6697,2
6698,1
6699,0
6700,3
6701,2
6702,1
6703,0
6704,3
6705,2
6706,1
6707,0
6708,3
6709,2
6710,1
6711,0
6712,3
6713,2
6714,1
6715,0
6716,3
6717,2
6718,1
6719,0
6720,3
6721,2
6722,1
6723,0
6724,3
6725,2
6726,1
6727,0
6728,3
6729,2
6730,1
6731,0
6732,3
6733,2
6734,1
6735,0
6736,3
6737,2
6738,1
6739,0
6740,3
6741,2
6742,1
6743,0
6744,3
6745,2
6746,1
6747,0
6748,3
6749,2
6750,1
6751,0
6752,3
6753,2
6754,1
6755,0
6756,3
6757,2
6758,1
6759,0
6760,3
6761,2
6762,1
6763,0
6764,3
6765,2
6766,1
6767,0
6768,3
6769,2
6770,1
6771,0
6772,3
6773,2
6774,1
6775,0
6776,3
6777,2
6778,1
6779,0
6780,3
6781,2
6782,1
6783,0
6784,3
6785,2
6786,1
6787,0
6788,3
6789,2
6790,1
6791,0
6792,3
6793,2
6794,1
6795,0
6796,3
6797,2
6798,1
6799,0
6800,3
6801,2
6802,1
6803,0
6804,3
6805,2
6806,1
6807,0
6808,3
6809,2
6810,1
6811,0
6812,3
6813,2
6814,1
6815,0
6816,3
6817,2
6818,1
6819,0
6820,3
6821,2
6822,1
6823,0
6824,3
6825,2
6826,1
6827,0
6828,3
6829,2
6830,1
6831,0
6832,3
6833,2
6834,1
6835,0
6836,3
6837,2
6838,1
6839,0
6840,3
6841,2
6842,1
6843,0
6844,3
6845,2
6846,1
6847,0
6848,3
6849,2
6850,1
6851,0
6852,3
6853,2
6854,1
6855,0
6856,3
6857,2
6858,1
6859,0
6860,3
6861,2
6862,1
6863,0
6864,3
6865,2
6866,1
6867,0
6868,3
6869,2
6870,1
6871,0
6872,3
6873,2
6874,1
6875,0
6876,3
6877,2
6878,1
6879,0
6880,3
6881,2
6882,1
6883,0
6884,3
6885,2
6886,1
6887,0
6888,3
6889,2
6890,1
6891,0
6892,3
6893,2
6894,1
6895,0
6896,3
6897,2
6898,1
6899,0
6900,3
6901,2
6902,1
6903,0
6904,3
6905,2
6906,1
6907,0
6908,3
6909,2
6910,1
6911,0
6912,3
6913,2
6914,1
6915,0
6916,3
6917,2
6918,1
6919,0
6920,3
6921,2
6922,1
6923,0
6924,3
6925,2
6926,1
6927,0
6928,3
6929,2
6930,1
6931,0
6932,3
6933,2
6934,1
6935,0
6936,3
6937,2
6938,1
6939,0
6940,3
6941,2
6942,1
6943,0
6944,3
6945,2
6946,1
6947,0
6948,3
6949,2
6950,1
6951,0
6952,3
6953,2
6954,1
6955,0
6956,3
6957,2
6958,1
6959,0
6960,3
6961,2
6962,1
6963,0
6964,3
6965,2
6966,1
6967,0
6968,3
6969,2
6970,1
6971,0
6972,3
6973,2
6974,1
6975,0
6976,3
6977,2
6978,1
6979,0
6980,3
6981,2
6982,1
6983,0
6984,3
6985,2
6986,1
6987,0
6988,3
6989,2
6990,1
6991,0
6992,3
6993,2
6994,1
6995,0
6996,3
6997,2
6998,1
6999,0
7000,3
7001,2
7002,1
7003,0
7004,3
7005,2
7006,1
7007,0
7008,3
7009,2
7010,1
7011,0
7012,3
7013,2
7014,1
7015,0
7016,3
7017,2
7018,1
7019,0
7020,3
7021,2
7022,1
7023,0
7024,3
7025,2
7026,1
7027,0
7028,3
7029,2
7030,1
7031,0
7032,3
7033,2
7034,1
7035,0
7036,3
7037,2
7038,1
7039,0
7040,3
7041,2
7042,1
7043,0
7044,3
7045,2
7046,1
7047,0
7048,3
7049,2
7050,1
7051,0
7052,3
7053,2
7054,1
7055,0
7056,3
7057,2
7058,1
7059,0
7060,3
7061,2
7062,1
7063,0
7064,3
7065,2
7066,1
7067,0
7068,3
7069,2
7070,1
7071,0
7072,3
7073,2
7074,1
7075,0
7076,3
7077,2
7078,1
7079,0
7080,3
7081,2
7082,1
7083,0
7084,3
7085,2
7086,1
7087,0
7088,3
7089,2
7090,1
7091,0
7092,3
7093,2
7094,1
7095,0
7096,3
7097,2
7098,1
7099,0
7100,3
7101,2
7102,1
7103,0
7104,3
7105,2
7106,1
7107,0
7108,3
7109,2
7110,1
7111,0
7112,3
7113,2
7114,1
7115,0
7116,3
7117,2
7118,1
7119,0
7120,3
7121,2
7122,1
7123,0
7124,3
7125,2
7126,1
7127,0
7128,3
7129,2
7130,1
7131,0
7132,3
7133,2
7134,1
7135,0
7136,3
7137,2
7138,1
7139,0
7140,3
7141,2
7142,1
7143,0
7144,3
7145,2
7146,1
7147,0
7148,3
7149,2
7150,1
7151,0
7152,3
7153,2
7154,1
7155,0
7156,3
7157,2
7158,1
7159,0
7160,3
7161,2
7162,1
7163,0
7164,3
7165,2
7166,1
7167,0
7168,3
7169,2
7170,1
7171,0
7172,3
7173,2
7174,1
7175,0
7176,3
7177,2
7178,1
7179,0
7180,3
7181,2
7182,1
7183,0
7184,3
7185,2
7186,1
7187,0
7188,3
7189,2
7190,1
7191,0
7192,3
7193,2
7194,1
7195,0
7196,3
7197,2
7198,1
7199,0
7200,3
7201,2
7202,1
7203,0
7204,3
7205,2
7206,1
7207,0
7208,3
7209,2
7210,1
7211,0
7212,3
7213,2
7214,1
7215,0
7216,3
7217,2
7218,1
7219,0
7220,3
7221,2
7222,1
7223,0
7224,3
7225,2
7226,1
7227,0
7228,3
7229,2
7230,1
7231,0
7232,3
7233,2
7234,1
7235,0
7236,3
7237,2
7238,1
7239,0
7240,3
7241,2
7242,1
7243,0
7244,3
7245,2
7246,1
7247,0
7248,3
7249,2
7250,1
7251,0
7252,3
7253,2
7254,1
7255,0
7256,3
7257,2
7258,1
7259,0
7260,3
7261,2
7262,1
7263,0
7264,3
7265,2
7266,1
7267,0
7268,3
7269,2
7270,1
7271,0
7272,3
7273,2
7274,1
7275,0
7276,3
7277,2
7278,1
7279,0
7280,3
7281,2
7282,1
7283,0
7284,3
7285,2
7286,1
7287,0
7288,3
7289,2
7290,1
7291,0
7292,3
7293,2
7294,1
7295,0
7296,3
7297,2
7298,1
7299,0
7300,3
7301,2
7302,1
7303,0
7304,3
7305,2
7306,1
7307,0
7308,3
7309,2
7310,1
7311,0
7312,3
7313,2
7314,1
7315,0
7316,3
7317,2
7318,1
7319,0
7320,3
7321,2
7322,1
7323,0
7324,3
7325,2
7326,1
7327,0
7328,3
7329,2
7330,1
7331,0
7332,3
7333,2
7334,1
7335,0
7336,3
7337,2
7338,1
7339,0
7340,3
7341,2
7342,1
7343,0
7344,3
7345,2
7346,1
7347,0
7348,3
7349,2
7350,1
7351,0
7352,3
7353,2
7354,1
7355,0
7356,3
7357,2
7358,1
7359,0
7360,3
7361,2
7362,1
7363,0
7364,3
7365,2
7366,1
7367,0
7368,3
7369,2
7370,1
7371,0
7372,3
7373,2
7374,1
7375,0
7376,3
7377,2
7378,1
7379,0
7380,3
7381,2
7382,1
7383,0
7384,3
7385,2
7386,1
7387,0
7388,3
7389,2
7390,1
7391,0
7392,3
7393,2
7394,1
7395,0
7396,3
7397,2
7398,1
7399,0
7400,3
7401,2
7402,1
7403,0
7404,3
7405,2
7406,1
7407,0
7408,3
7409,2
7410,1
7411,0
7412,3
7413,2
7414,1
7415,0
7416,3
7417,2
7418,1
7419,0
7420,3
7421,2
7422,1
7423,0
7424,3
7425,2
7426,1
7427,0
7428,3
7429,2
7430,1
7431,0
7432,3
7433,2
7434,1
7435,0
7436,3
7437,2
7438,1
7439,0
7440,3
7441,2
7442,1
7443,0
7444,3
7445,2
7446,1
7447,0
7448,3
7449,2
7450,1
7451,0
7452,3
7453,2
7454,1
7455,0
7456,3
7457,2
7458,1
7459,0
7460,3
7461,2
7462,1
7463,0
7464,3
7465,2
7466,1
7467,0
7468,3
7469,2
7470,1
7471,0
7472,3
7473,2
7474,1
7475,0
7476,3
7477,2
7478,1
7479,0
7480,3
7481,2
7482,1
7483,0
7484,3
7485,2
7486,1
7487,0
7488,3
7489,2
7490,1
7491,0
7492,3
7493,2
7494,1
7495,0
7496,3
7497,2
7498,1
7499,0
7500,3
7501,2
7502,1
7503,0
7504,3
7505,2
7506,1
7507,0
7508,3
7509,2
7510,1
7511,0
7512,3
7513,2
7514,1
7515,0
7516,3
7517,2
7518,1
7519,0
7520,3
7521,2
7522,1
7523,0
7524,3
7525,2
7526,1
7527,0
7528,3
7529,2
7530,1
7531,0
7532,3
7533,2
7534,1
7535,0
7536,3
7537,2
7538,1
7539,0
7540,3
7541,2
7542,1
7543,0
7544,3
7545,2
7546,1
7547,0
7548,3
7549,2
7550,1
7551,0
7552,3
7553,2
7554,1
7555,0
7556,3
7557,2
7558,1
7559,0
7560,3
7561,2
7562,1
7563,0
7564,3
7565,2
7566,1
7567,0
7568,3
7569,2
7570,1
7571,0
7572,3
7573,2
7574,1
7575,0
7576,3
7577,2
7578,1
7579,0
7580,3
7581,2
7582,1
7583,0
7584,3
7585,2
7586,1
7587,0
7588,3
7589,2
7590,1
7591,0
7592,3
7593,2
7594,1
7595,0
7596,3
7597,2
7598,1
7599,0
7600,3
7601,2
7602,1
7603,0
7604,3
7605,2
7606,1
7607,0
7608,3
7609,2
7610,1
7611,0
7612,3
7613,2
7614,1
7615,0
7616,3
7617,2
7618,1
7619,0
7620,3
7621,2
7622,1
7623,0
7624,3
7625,2
7626,1
7627,0
7628,3
7629,2
7630,1
7631,0
7632,3
7633,2
7634,1
7635,0
7636,3
7637,2
7638,1
7639,0
7640,3
7641,2
7642,1
7643,0
7644,3
7645,2
7646,1
7647,0
7648,3
7649,2
7650,1
7651,0
7652,3
7653,2
7654,1
7655,0
7656,3
7657,2
7658,1
7659,0
7660,3
7661,2
7662,1
7663,0
7664,3
7665,2
7666,1
7667,0
7668,3
7669,2
7670,1
7671,0
7672,3
7673,2
7674,1
7675,0
7676,3
7677,2
7678,1
7679,0
7680,3
7681,2
7682,1
7683,0
7684,3
7685,2
7686,1
7687,0
7688,3
7689,2
7690,1
7691,0
7692,3
7693,2
7694,1
7695,0
7696,3
7697,2
7698,1
7699,0
7700,3
7701,2
7702,1
7703,0
7704,3
7705,2
7706,1
7707,0
7708,3
7709,2
7710,1
7711,0
7712,3
7713,2
7714,1
7715,0
7716,3
7717,2
7718,1
7719,0
7720,3
7721,2
7722,1
7723,0
7724,3
7725,2
7726,1
7727,0
7728,3
7729,2
7730,1
7731,0
7732,3
7733,2
7734,1
7735,0
7736,3
7737,2
7738,1
7739,0
7740,3
7741,2
7742,1
7743,0
7744,3
7745,2
7746,1
7747,0
7748,3
7749,2
7750,1
7751,0
7752,3
7753,2
7754,1
7755,0
7756,3
7757,2
7758,1
7759,0
7760,3
7761,2
7762,1
7763,0
7764,3
7765,2
7766,1
7767,0
7768,3
7769,2
7770,1
7771,0
7772,3
7773,2
7774,1
7775,0
7776,3
7777,2
7778,1
7779,0
7780,3
7781,2
7782,1
7783,0
7784,3
7785,2
7786,1
7787,0
7788,3
7789,2
7790,1
7791,0
7792,3
7793,2
7794,1
7795,0
7796,3
7797,2
7798,1
7799,0
7800,3
7801,2
7802,1
7803,0
7804,3
7805,2
7806,1
7807,0
7808,3
7809,2
7810,1
7811,0
7812,3
7813,2
7814,1
7815,0
7816,3
7817,2
7818,1
7819,0
7820,3
7821,2
7822,1
7823,0
7824,3
7825,2
7826,1
7827,0
7828,3
7829,2
7830,1
7831,0
7832,3
7833,2
7834,1
7835,0
7836,3
7837,2
7838,1
7839,0
7840,3
7841,2
7842,1
7843,0
7844,3
7845,2
7846,1
7847,0
7848,3
7849,2
7850,1
7851,0
7852,3
7853,2
7854,1
7855,0
7856,3
7857,2
7858,1
7859,0
7860,3
7861,2
7862,1
7863,0
7864,3
7865,2
7866,1
7867,0
7868,3
7869,2
7870,1
7871,0
7872,3
7873,2
7874,1
7875,0
7876,3
7877,2
7878,1
7879,0
7880,3
7881,2
7882,1
7883,0
7884,3
7885,2
7886,1
7887,0
7888,3
7889,2
7890,1
7891,0
7892,3
7893,2
7894,1
7895,0
7896,3
7897,2
7898,1
7899,0
7900,3
7901,2
7902,1
7903,0
7904,3
7905,2
7906,1
7907,0
7908,3
7909,2
7910,1
7911,0
7912,3
7913,2
7914,1
7915,0
7916,3
7917,2
7918,1
7919,0
7920,3
7921,2
7922,1
7923,0
7924,3
7925,2
7926,1
7927,0
7928,3
7929,2
7930,1
7931,0
7932,3
7933,2
7934,1
7935,0
7936,3
7937,2
7938,1
7939,0
7940,3
7941,2
7942,1
7943,0
7944,3
7945,2
7946,1
7947,0
7948,3
7949,2
7950,1
7951,0
7952,3
7953,2
7954,1
7955,0
7956,3
7957,2
7958,1
7959,0
7960,3
7961,2
7962,1
7963,0
7964,3
7965,2
7966,1
7967,0
7968,3
7969,2
7970,1
7971,0
7972,3
7973,2
7974,1
7975,0
7976,3
7977,2
7978,1
7979,0
7980,3
7981,2
7982,1
7983,0
7984,3
7985,2
7986,1
7987,0
7988,3
7989,2
7990,1
7991,0
7992,3
7993,2
7994,1
7995,0
7996,3
7997,2
7998,1
7999,0
8000,3
8001,2
8002,1
8003,0
8004,3
8005,2
8006,1
8007,0
8008,3
8009,2
8010,1
8011,0
8012,3
8013,2
8014,1
8015,0
8016,3
8017,2
8018,1
8019,0
8020,3
8021,2
8022,1
8023,0
8024,3
8025,2
8026,1
8027,0
8028,3
8029,2
8030,1
8031,0
8032,3
8033,2
8034,1
8035,0
8036,3
8037,2
8038,1
8039,0
8040,3
8041,2
8042,1
8043,0
8044,3
8045,2
8046,1
8047,0
8048,3
8049,2
8050,1
8051,0
8052,3
8053,2
8054,1
8055,0
8056,3
8057,2
8058,1
8059,0
8060,3
8061,2
8062,1
8063,0
8064,3
8065,2
8066,1
8067,0
8068,3
8069,2
8070,1
8071,0
8072,3
8073,2
8074,1
8075,0
8076,3
8077,2
8078,1
8079,0
8080,3
8081,2
8082,1
8083,0
8084,3
8085,2
8086,1
8087,0
8088,3
8089,2
8090,1
8091,0
8092,3
8093,2
8094,1
8095,0
8096,3
8097,2
8098,1
8099,0
8100,3
8101,2
8102,1
8103,0
8104,3
8105,2
8106,1
8107,0
8108,3
8109,2
8110,1
8111,0
8112,3
8113,2
8114,1
8115,0
8116,3
8117,2
8118,1
8119,0
8120,3
8121,2
8122,1
8123,0
8124,3
8125,2
8126,1
8127,0
8128,3
8129,2
8130,1
8131,0
8132,3
8133,2
8134,1
8135,0
8136,3
8137,2
8138,1
8139,0
8140,3
8141,2
8142,1
8143,0
8144,3
8145,2
8146,1
8147,0
8148,3
8149,2
8150,1
8151,0
8152,3
8153,2
8154,1
8155,0
8156,3
8157,2
8158,1
8159,0
8160,3
8161,2
8162,1
8163,0
8164,3
8165,2
8166,1
8167,0
8168,3
8169,2
8170,1
8171,0
8172,3
8173,2
8174,1
8175,0
8176,3
8177,2
8178,1
8179,0
8180,3
8181,2
8182,1
8183,0
8184,3
8185,2
8186,1
8187,0
8188,3
8189,2
8190,1
8191,0
8192,3
8193,2
8194,1
8195,0
8196,3
8197,2
8198,1
8199,0
8200,3
8201,2
8202,1
8203,0
8204,3
8205,2
8206,1
8207,0
8208,3
8209,2
8210,1
8211,0
8212,3
8213,2
8214,1
8215,0
8216,3
8217,2
8218,1
8219,0
8220,3
8221,2
8222,1
8223,0
8224,3
8225,2
8226,1
8227,0
8228,3
8229,2
8230,1
8231,0
8232,3
8233,2
8234,1
8235,0
8236,3
8237,2
8238,1
8239,0
8240,3
8241,2
8242,1
8243,0
8244,3
8245,2
8246,1
8247,0
8248,3
8249,2
8250,1
8251,0
8252,3
8253,2
8254,1
8255,0
8256,3
8257,2
8258,1
8259,0
8260,3
8261,2
8262,1
8263,0
8264,3
8265,2
8266,1
8267,0
8268,3
8269,2
8270,1
8271,0
8272,3
8273,2
8274,1
8275,0
8276,3
8277,2
8278,1
8279,0
8280,3
8281,2
8282,1
8283,0
8284,3
8285,2
8286,1
8287,0
8288,3
8289,2
8290,1
8291,0
8292,3
8293,2
8294,1
8295,0
8296,3
8297,2
8298,1
8299,0
8300,3
8301,2
8302,1
8303,0
8304,3
8305,2
8306,1
8307,0
8308,3
8309,2
8310,1
8311,0
8312,3
8313,2
8314,1
8315,0
8316,3
8317,2
8318,1
8319,0
8320,3
8321,2
8322,1
8323,0
8324,3
8325,2
8326,1
8327,0
8328,3
8329,2
8330,1
8331,0
8332,3
8333,2
8334,1
8335,0
8336,3
8337,2
8338,1
8339,0
8340,3
8341,2
8342,1
8343,0
8344,3
8345,2
8346,1
8347,0
8348,3
8349,2
8350,1
8351,0
8352,3
8353,2
8354,1
8355,0
8356,3
8357,2
8358,1
8359,0
8360,3
8361,2
8362,1
8363,0
8364,3
8365,2
8366,1
8367,0
8368,3
8369,2
8370,1
8371,0
8372,3
8373,2
8374,1
8375,0
8376,3
8377,2
8378,1
8379,0
8380,3
8381,2
8382,1
8383,0
8384,3
8385,2
8386,1
8387,0
8388,3
8389,2
8390,1
8391,0
8392,3
8393,2
8394,1
8395,0
8396,3
8397,2
8398,1
8399,0
8400,3
8401,2
8402,1
8403,0
8404,3
8405,2
8406,1
8407,0
8408,3
8409,2
8410,1
8411,0
8412,3
8413,2
8414,1
8415,0
8416,3
8417,2
8418,1
8419,0
8420,3
8421,2
8422,1
8423,0
8424,3
8425,2
8426,1
8427,0
8428,3
8429,2
8430,1
8431,0
8432,3
8433,2
8434,1
8435,0
8436,3
8437,2
8438,1
8439,0
8440,3
8441,2
8442,1
8443,0
8444,3
8445,2
8446,1
8447,0
8448,3
8449,2
8450,1
8451,0
8452,3
8453,2
8454,1
8455,0
8456,3
8457,2
8458,1
8459,0
8460,3
8461,2
8462,1
8463,0
8464,3
8465,2
8466,1
8467,0
8468,3
8469,2
8470,1
8471,0
8472,3
8473,2
8474,1
8475,0
8476,3
8477,2
8478,1
8479,0
8480,3
8481,2
8482,1
8483,0
8484,3
8485,2
8486,1
8487,0
8488,3
8489,2
8490,1
8491,0
8492,3
8493,2
8494,1
8495,0
8496,3
8497,2
8498,1
8499,0
8500,3
8501,2
8502,1
8503,0
8504,3
8505,2
8506,1
8507,0
8508,3
8509,2
8510,1
8511,0
8512,3
8513,2
8514,1
8515,0
8516,3
8517,2
8518,1
8519,0
8520,3
8521,2
8522,1
8523,0
8524,3
8525,2
8526,1
8527,0
8528,3
8529,2
8530,1
8531,0
8532,3
8533,2
8534,1
8535,0
8536,3
8537,2
8538,1
8539,0
8540,3
8541,2
8542,1
8543,0
8544,3
8545,2
8546,1
8547,0
8548,3
8549,2
8550,1
8551,0
8552,3
8553,2
8554,1
8555,0
8556,3
8557,2
8558,1
8559,0
8560,3
8561,2
8562,1
8563,0
8564,3
8565,2
8566,1
8567,0
8568,3
8569,2
8570,1
8571,0
8572,3
8573,2
8574,1
8575,0
8576,3
8577,2
8578,1
8579,0
8580,3
8581,2
8582,1
8583,0
8584,3
8585,2
8586,1
8587,0
8588,3
8589,2
8590,1
8591,0
8592,3
8593,2
8594,1
8595,0
8596,3
8597,2
8598,1
8599,0
8600,3
8601,2
8602,1
8603,0
8604,3
8605,2
8606,1
8607,0
8608,3
8609,2
8610,1
8611,0
8612,3
8613,2
8614,1
8615,0
8616,3
8617,2
8618,1
8619,0
8620,3
8621,2
8622,1
8623,0
8624,3
8625,2
8626,1
8627,0
8628,3
8629,2
8630,1
8631,0
8632,3
8633,2
8634,1
8635,0
8636,3
8637,2
8638,1
8639,0
8640,3
8641,2
8642,1
8643,0
8644,3
8645,2
8646,1
8647,0
8648,3
8649,2
8650,1
8651,0
8652,3
8653,2
8654,1
8655,0
8656,3
8657,2
8658,1
8659,0
8660,3
8661,2
8662,1
8663,0
8664,3
8665,2
8666,1
8667,0
8668,3
8669,2
8670,1
8671,0
8672,3
8673,2
8674,1
8675,0
8676,3
8677,2
8678,1
8679,0
8680,3
8681,2
8682,1
8683,0
8684,3
8685,2
8686,1
8687,0
8688,3
8689,2
8690,1
8691,0
8692,3
8693,2
8694,1
8695,0
8696,3
8697,2
8698,1
8699,0
8700,3
8701,2
8702,1
8703,0
8704,3
8705,2
8706,1
8707,0
8708,3
8709,2
8710,1
8711,0
8712,3
8713,2
8714,1
8715,0
8716,3
8717,2
8718,1
8719,0
8720,3
8721,2
8722,1
8723,0
8724,3
8725,2
8726,1
8727,0
8728,3
8729,2
8730,1
8731,0
8732,3
8733,2
8734,1
8735,0
8736,3
8737,2
8738,1
8739,0
8740,3
8741,2
8742,1
8743,0
8744,3
8745,2
8746,1
8747,0
8748,3
8749,2
8750,1
8751,0
8752,3
8753,2
8754,1
8755,0
8756,3
8757,2
8758,1
8759,0
8760,3
8761,2
8762,1
8763,0
8764,3
8765,2
8766,1
8767,0
8768,3
8769,2
8770,1
8771,0
8772,3
8773,2
8774,1
8775,0
8776,3
8777,2
8778,1
8779,0
8780,3
8781,2
8782,1
8783,0
8784,3
8785,2
8786,1
8787,0
8788,3
8789,2
8790,1
8791,0
8792,3
8793,2
8794,1
8795,0
8796,3
8797,2
8798,1
8799,0
8800,3
8801,2
8802,1
8803,0
8804,3
8805,2
8806,1
8807,0
8808,3
8809,2
8810,1
8811,0
8812,3
8813,2
8814,1
8815,0
8816,3
8817,2
8818,1
8819,0
8820,3
8821,2
8822,1
8823,0
8824,3
8825,2
8826,1
8827,0
8828,3
8829,2
8830,1
8831,0
8832,3
8833,2
8834,1
8835,0
8836,3
8837,2
8838,1
8839,0
8840,3
8841,2
8842,1
8843,0
8844,3
8845,2
8846,1
8847,0
8848,3
8849,2
8850,1
8851,0
8852,3
8853,2
8854,1
8855,0
8856,3
8857,2
8858,1
8859,0
8860,3
8861,2
8862,1
8863,0
8864,3
8865,2
8866,1
8867,0
8868,3
8869,2
8870,1
8871,0
8872,3
8873,2
8874,1
8875,0
8876,3
8877,2
8878,1
8879,0
8880,3
8881,2
8882,1
8883,0
8884,3
8885,2
8886,1
8887,0
8888,3
8889,2
8890,1
8891,0
8892,3
8893,2
8894,1
8895,0
8896,3
8897,2
8898,1
8899,0
8900,3
8901,2
8902,1
8903,0
8904,3
8905,2
8906,1
8907,0
8908,3
8909,2
8910,1
8911,0
8912,3
8913,2
8914,1
8915,0
8916,3
8917,2
8918,1
8919,0
8920,3
8921,2
8922,1
8923,0
8924,3
8925,2
8926,1
8927,0
8928,3
8929,2
8930,1
8931,0
8932,3
8933,2
8934,1
8935,0
8936,3
8937,2
8938,1
8939,0
8940,3
8941,2
8942,1
8943,0
8944,3
8945,2
8946,1
8947,0
8948,3
8949,2
8950,1
8951,0
8952,3
8953,2
8954,1
8955,0
8956,3
8957,2
8958,1
8959,0
8960,3
8961,2
8962,1
8963,0
8964,3
8965,2
8966,1
8967,0
8968,3
8969,2
8970,1
8971,0
8972,3
8973,2
8974,1
8975,0
8976,3
8977,2
8978,1
8979,0
8980,3
8981,2
8982,1
8983,0
8984,3
8985,2
8986,1
8987,0
8988,3
8989,2
8990,1
8991,0
8992,3
8993,2
8994,1
8995,0
8996,3
8997,2
8998,1
8999,0
9000,3
9001,2
9002,1
9003,0
9004,3
9005,2
9006,1
9007,0
9008,3
9009,2
9010,1
9011,0
9012,3
9013,2
9014,1
9015,0
9016,3
9017,2
9018,1
9019,0
9020,3
9021,2
9022,1
9023,0
9024,3
9025,2
9026,1
9027,0
9028,3
9029,2
9030,1
9031,0
9032,3
9033,2
9034,1
9035,0
9036,3
9037,2
9038,1
9039,0
9040,3
9041,2
9042,1
9043,0
9044,3
9045,2
9046,1
9047,0
9048,3
9049,2
9050,1
9051,0
9052,3
9053,2
9054,1
9055,0
9056,3
9057,2
9058,1
9059,0
9060,3
9061,2
9062,1
9063,0
9064,3
9065,2
9066,1
9067,0
9068,3
9069,2
9070,1
9071,0
9072,3
9073,2
9074,1
9075,0
9076,3
9077,2
9078,1
9079,0
9080,3
9081,2
9082,1
9083,0
9084,3
9085,2
9086,1
9087,0
9088,3
9089,2
9090,1
9091,0
9092,3
9093,2
9094,1
9095,0
9096,3
9097,2
9098,1
9099,0
9100,3
9101,2
9102,1
9103,0
9104,3
9105,2
9106,1
9107,0
9108,3
9109,2
9110,1
9111,0
9112,3
9113,2
9114,1
9115,0
9116,3
9117,2
9118,1
9119,0
9120,3
9121,2
9122,1
9123,0
9124,3
9125,2
9126,1
9127,0
9128,3
9129,2
9130,1
9131,0
9132,3
9133,2
9134,1
9135,0
9136,3
9137,2
9138,1
9139,0
9140,3
9141,2
9142,1
9143,0
9144,3
9145,2
9146,1
9147,0
9148,3
9149,2
9150,1
9151,0
9152,3
9153,2
9154,1
9155,0
9156,3
9157,2
9158,1
9159,0
9160,3
9161,2
9162,1
9163,0
9164,3
9165,2
9166,1
9167,0
9168,3
9169,2
9170,1
9171,0
9172,3
9173,2
9174,1
9175,0
9176,3
9177,2
9178,1
9179,0
9180,3
9181,2
9182,1
9183,0
9184,3
9185,2
9186,1
9187,0
9188,3
9189,2
9190,1
9191,0
9192,3
9193,2
9194,1
9195,0
9196,3
9197,2
9198,1
9199,0
9200,3
9201,2
9202,1
9203,0
9204,3
9205,2
9206,1
9207,0
9208,3
9209,2
9210,1
9211,0
9212,3
9213,2
9214,1
9215,0
9216,3
9217,2
9218,1
9219,0
9220,3
9221,2
9222,1
9223,0
9224,3
9225,2
9226,1
9227,0
9228,3
9229,2
9230,1
9231,0
9232,3
9233,2
9234,1
9235,0
9236,3
9237,2
9238,1
9239,0
9240,3
9241,2
9242,1
9243,0
9244,3
9245,2
9246,1
9247,0
9248,3
9249,2
9250,1
9251,0
9252,3
9253,2
9254,1
9255,0
9256,3
9257,2
9258,1
9259,0
9260,3
9261,2
9262,1
9263,0
9264,3
9265,2
9266,1
9267,0
9268,3
9269,2
9270,1
9271,0
9272,3
9273,2
9274,1
9275,0
9276,3
9277,2
9278,1
9279,0
9280,3
9281,2
9282,1
9283,0
9284,3
9285,2
9286,1
9287,0
9288,3
9289,2
9290,1
9291,0
9292,3
9293,2
9294,1
9295,0
9296,3
9297,2
9298,1
9299,0
9300,3
9301,2
9302,1
9303,0
9304,3
9305,2
9306,1
9307,0
9308,3
9309,2
9310,1
9311,0
9312,3
9313,2
9314,1
9315,0
9316,3
9317,2
9318,1
9319,0
9320,3
9321,2
9322,1
9323,0
9324,3
9325,2
9326,1
9327,0
9328,3
9329,2
9330,1
9331,0
9332,3
9333,2
9334,1
9335,0
9336,3
9337,2
9338,1
9339,0
9340,3
9341,2
9342,1
9343,0
9344,3
9345,2
9346,1
9347,0
9348,3
9349,2
9350,1
9351,0
9352,3
9353,2
9354,1
9355,0
9356,3
9357,2
9358,1
9359,0
9360,3
9361,2
9362,1
9363,0
9364,3
9365,2
9366,1
9367,0
9368,3
9369,2
9370,1
9371,0
9372,3
9373,2
9374,1
9375,0
9376,3
9377,2
9378,1
9379,0
9380,3
9381,2
9382,1
9383,0
9384,3
9385,2
9386,1
9387,0
9388,3
9389,2
9390,1
9391,0
9392,3
9393,2
9394,1
9395,0
9396,3
9397,2
9398,1
9399,0
9400,3
9401,2
9402,1
9403,0
9404,3
9405,2
9406,1
9407,0
9408,3
9409,2
9410,1
9411,0
9412,3
9413,2
9414,1
9415,0
9416,3
9417,2
9418,1
9419,0
9420,3
9421,2
9422,1
9423,0
9424,3
9425,2
9426,1
9427,0
9428,3
9429,2
9430,1
9431,0
9432,3
9433,2
9434,1
9435,0
9436,3
9437,2
9438,1
9439,0
9440,3
9441,2
9442,1
9443,0
9444,3
9445,2
9446,1
9447,0
9448,3
9449,2
9450,1
9451,0
9452,3
9453,2
9454,1
9455,0
9456,3
9457,2
9458,1
9459,0
9460,3
9461,2
9462,1
9463,0
9464,3
9465,2
9466,1
9467,0
9468,3
9469,2
9470,1
9471,0
9472,3
9473,2
9474,1
9475,0
9476,3
9477,2
9478,1
9479,0
9480,3
9481,2
9482,1
9483,0
9484,3
9485,2
9486,1
9487,0
9488,3
9489,2
9490,1
9491,0
9492,3
9493,2
9494,1
9495,0
9496,3
9497,2
9498,1
9499,0
9500,3
9501,2
9502,1
9503,0
9504,3
9505,2
9506,1
9507,0
9508,3
9509,2
9510,1
9511,0
9512,3
9513,2
9514,1
9515,0
9516,3
9517,2
9518,1
9519,0
9520,3
9521,2
9522,1
9523,0
9524,3
9525,2
9526,1
9527,0
9528,3
9529,2
9530,1
9531,0
9532,3
9533,2
9534,1
9535,0
9536,3
9537,2
9538,1
9539,0
9540,3
9541,2
9542,1
9543,0
9544,3
9545,2
9546,1
9547,0
9548,3
9549,2
9550,1
9551,0
9552,3
9553,2
9554,1
9555,0
9556,3
9557,2
9558,1
9559,0
9560,3
9561,2
9562,1
9563,0
9564,3
9565,2
9566,1
9567,0
9568,3
9569,2
9570,1
9571,0
9572,3
9573,2
9574,1
9575,0
9576,3
9577,2
9578,1
9579,0
9580,3
9581,2
9582,1
9583,0
9584,3
9585,2
9586,1
9587,0
9588,3
9589,2
9590,1
9591,0
9592,3
9593,2
9594,1
9595,0
9596,3
9597,2
9598,1
9599,0
9600,3
9601,2
9602,1
9603,0
9604,3
9605,2
9606,1
9607,0
9608,3
9609,2
9610,1
9611,0
9612,3
9613,2
9614,1
9615,0
9616,3
9617,2
9618,1
9619,0
9620,3
9621,2
9622,1
9623,0
9624,3
9625,2
9626,1
9627,0
9628,3
9629,2
9630,1
9631,0
9632,3
9633,2
9634,1
9635,0
9636,3
9637,2
9638,1
9639,0
9640,3
9641,2
9642,1
9643,0
9644,3
9645,2
9646,1
9647,0
9648,3
9649,2
9650,1
9651,0
9652,3
9653,2
9654,1
9655,0
9656,3
9657,2
9658,1
9659,0
9660,3
9661,2
9662,1
9663,0
9664,3
9665,2
9666,1
9667,0
9668,3
9669,2
9670,1
9671,0
9672,3
9673,2
9674,1
9675,0
9676,3
9677,2
9678,1
9679,0
9680,3
9681,2
9682,1
9683,0
9684,3
9685,2
9686,1
9687,0
9688,3
9689,2
9690,1
9691,0
9692,3
9693,2
9694,1
9695,0
9696,3
9697,2
9698,1
9699,0
9700,3
9701,2
9702,1
9703,0
9704,3
9705,2
9706,1
9707,0
9708,3
9709,2
9710,1
9711,0
9712,3
9713,2
9714,1
9715,0
9716,3
9717,2
9718,1
9719,0
9720,3
9721,2
9722,1
9723,0
9724,3
9725,2
9726,1
9727,0
9728,3
9729,2
9730,1
9731,0
9732,3
9733,2
9734,1
9735,0
9736,3
9737,2
9738,1
9739,0
9740,3
9741,2
9742,1
9743,0
9744,3
9745,2
9746,1
9747,0
9748,3
9749,2
9750,1
9751,0
9752,3
9753,2
9754,1
9755,0
9756,3
9757,2
9758,1
9759,0
9760,3
9761,2
9762,1
9763,0
9764,3
9765,2
9766,1
9767,0
9768,3
9769,2
9770,1
9771,0
9772,3
9773,2
9774,1
9775,0
9776,3
9777,2
9778,1
9779,0
9780,3
9781,2
9782,1
9783,0
9784,3
9785,2
9786,1
9787,0
9788,3
9789,2
9790,1
9791,0
9792,3
9793,2
9794,1
9795,0
9796,3
9797,2
9798,1
9799,0
9800,3
9801,2
9802,1
9803,0
9804,3
9805,2
9806,1
9807,0
9808,3
9809,2
9810,1
9811,0
9812,3
9813,2
9814,1
9815,0
9816,3
9817,2
9818,1
9819,0
9820,3
9821,2
9822,1
9823,0
9824,3
9825,2
9826,1
9827,0
9828,3
9829,2
9830,1
9831,0
9832,3
9833,2
9834,1
9835,0
9836,3
9837,2
9838,1
9839,0
9840,3
9841,2
9842,1
9843,0
9844,3
9845,2
9846,1
9847,0
9848,3
9849,2
9850,1
9851,0
9852,3
9853,2
9854,1
9855,0
9856,3
9857,2
9858,1
9859,0
9860,3
9861,2
9862,1
9863,0
9864,3
9865,2
9866,1
9867,0
9868,3
9869,2
9870,1
9871,0
9872,3
9873,2
9874,1
9875,0
9876,3
9877,2
9878,1
9879,0
9880,3
9881,2
9882,1
9883,0
9884,3
9885,2
9886,1
9887,0
9888,3
9889,2
9890,1
9891,0
9892,3
9893,2
9894,1
9895,0
9896,3
9897,2
9898,1
9899,0
9900,3
9901,2
9902,1
9903,0
9904,3
9905,2
9906,1
9907,0
9908,3
9909,2
9910,1
9911,0
9912,3
9913,2
9914,1
9915,0
9916,3
9917,2
9918,1
9919,0
9920,3
9921,2
9922,1
9923,0
9924,3
9925,2
9926,1
9927,0
9928,3
9929,2
9930,1
9931,0
9932,3
9933,2
9934,1
9935,0
9936,3
9937,2
9938,1
9939,0
9940,3
9941,2
9942,1
9943,0
9944,3
9945,2
9946,1
9947,0
9948,3
9949,2
9950,1
9951,0
9952,3
9953,2
9954,1
9955,0
9956,3
9957,2
9958,1
9959,0
9960,3
9961,2
9962,1
9963,0
9964,3
9965,2
9966,1
9967,0
9968,3
9969,2
9970,1
9971,0
9972,3
9973,2
9974,1
9975,0
9976,3
9977,2
9978,1
9979,0
9980,3
9981,2
9982,1
9983,0
9984,3
9985,2
9986,1
9987,0
9988,3
9989,2
9990,1
9991,0
9992,3
9993,2
9994,1
9995,0
9996,3
9997,2
9998,1
9999,0
10000,3
10001,2
10002,1
10003,0
10004,3
10005,2
10006,1
10007,0
10008,3
10009,2
10010,1
10011,0
10012,3
10013,2
10014,1
10015,0
10016,3
10017,2
10018,1
10019,0
10020,3
10021,2
10022,1
10023,0
10024,3
10025,2
10026,1
10027,0
10028,3
10029,2
10030,1
10031,0
10032,3
10033,2
10034,1
10035,0
10036,3
10037,2
10038,1
10039,0
10040,3
10041,2
10042,1
10043,0
10044,3
10045,2
10046,1
10047,0
10048,3
10049,2
10050,1
10051,0
10052,3
10053,2
10054,1
10055,0
10056,3
10057,2
10058,1
10059,0
10060,3
10061,2
10062,1
10063,0
10064,3
10065,2
10066,1
10067,0
10068,3
10069,2
10070,1
10071,0
10072,3
10073,2
10074,1
10075,0
10076,3
10077,2
10078,1
10079,0
10080,3
10081,2
10082,1
10083,0
10084,3
10085,2
10086,1
10087,0
10088,3
10089,2
10090,1
10091,0
10092,3
10093,2
10094,1
10095,0
10096,3
10097,2
10098,1
10099,0
10100,3
10101,2
10102,1
10103,0
10104,3
10105,2
10106,1
10107,0
10108,3
10109,2
10110,1
10111,0
10112,3
10113,2
10114,1
10115,0
10116,3
10117,2
10118,1
10119,0
10120,3
10121,2
10122,1
10123,0
10124,3
10125,2
10126,1
10127,0
10128,3
10129,2
10130,1
10131,0
10132,3
10133,2
10134,1
10135,0
10136,3
10137,2
10138,1
10139,0
10140,3
10141,2
10142,1
10143,0
10144,3
10145,2
10146,1
10147,0
10148,3
10149,2
10150,1
10151,0
10152,3
10153,2
10154,1
10155,0
10156,3
10157,2
10158,1
10159,0
10160,3
10161,2
10162,1
10163,0
10164,3
10165,2
10166,1
10167,0
10168,3
10169,2
10170,1
10171,0
10172,3
10173,2
10174,1
10175,0
10176,3
10177,2
10178,1
10179,0
10180,3
10181,2
10182,1
10183,0
10184,3
10185,2
10186,1
10187,0
10188,3
10189,2
10190,1
10191,0
10192,3
10193,2
10194,1
10195,0
10196,3
10197,2
10198,1
10199,0
10200,3
10201,2
10202,1
10203,0
10204,3
10205,2
10206,1
10207,0
10208,3
10209,2
10210,1
10211,0
10212,3
10213,2
10214,1
10215,0
10216,3
10217,2
10218,1
10219,0
10220,3
10221,2
10222,1
10223,0
10224,3
10225,2
10226,1
10227,0
10228,3
10229,2
10230,1
10231,0
10232,3
10233,2
10234,1
10235,0
10236,3
10237,2
10238,1
10239,0
10240,3
10241,2
10242,1
10243,0
10244,3
10245,2
10246,1
10247,0
10248,3
10249,2
10250,1
10251,0
10252,3
10253,2
10254,1
10255,0
10256,3
10257,2
10258,1
10259,0
10260,3
10261,2
10262,1
10263,0
10264,3
10265,2
10266,1
10267,0
10268,3
10269,2
10270,1
10271,0
10272,3
10273,2
10274,1
10275,0
10276,3
10277,2
10278,1
10279,0
10280,3
10281,2
10282,1
10283,0
10284,3
10285,2
10286,1
10287,0
10288,3
10289,2
10290,1
10291,0
10292,3
10293,2
10294,1
10295,0
10296,3
10297,2
10298,1
10299,0
10300,3
10301,2
10302,1
10303,0
10304,3
10305,2
10306,1
10307,0
10308,3
10309,2
10310,1
10311,0
10312,3
10313,2
10314,1
10315,0
10316,3
10317,2
10318,1
10319,0
10320,3
10321,2
10322,1
10323,0
10324,3
10325,2
10326,1
10327,0
10328,3
10329,2
10330,1
10331,0
10332,3
10333,2
10334,1
10335,0
10336,3
10337,2
10338,1
10339,0
10340,3
10341,2
10342,1
10343,0
10344,3
10345,2
10346,1
10347,0
10348,3
10349,2
10350,1
10351,0
10352,3
10353,2
10354,1
10355,0
10356,3
10357,2
10358,1
10359,0
10360,3
10361,2
10362,1
10363,0
10364,3
10365,2
10366,1
10367,0
10368,3
10369,2
10370,1
10371,0
10372,3
10373,2
10374,1
10375,0
10376,3
10377,2
10378,1
10379,0
10380,3
10381,2
10382,1
10383,0
10384,3
10385,2
10386,1
10387,0
10388,3
10389,2
10390,1
10391,0
10392,3
10393,2
10394,1
10395,0
10396,3
10397,2
10398,1
10399,0
10400,3
10401,2
10402,1
10403,0
10404,3
10405,2
10406,1
10407,0
10408,3
10409,2
10410,1
10411,0
10412,3
10413,2
10414,1
10415,0
10416,3
10417,2
10418,1
10419,0
10420,3
10421,2
10422,1
10423,0
10424,3
10425,2
10426,1
10427,0
10428,3
10429,2
10430,1
10431,0
10432,3
10433,2
10434,1
10435,0
10436,3
10437,2
10438,1
10439,0
10440,3
10441,2
10442,1
10443,0
10444,3
10445,2
10446,1
10447,0
10448,3
10449,2
10450,1
10451,0
10452,3
10453,2
10454,1
10455,0
10456,3
10457,2
10458,1
10459,0
10460,3
10461,2
10462,1
10463,0
10464,3
10465,2
10466,1
10467,0
10468,3
10469,2
10470,1
10471,0
10472,3
10473,2
10474,1
10475,0
10476,3
10477,2
10478,1
10479,0
10480,3
10481,2
10482,1
10483,0
10484,3
10485,2
10486,1
10487,0
10488,3
10489,2
10490,1
10491,0
10492,3
10493,2
10494,1
10495,0
10496,3
10497,2
10498,1
10499,0
10500,3
10501,2
10502,1
10503,0
10504,3
10505,2
10506,1
10507,0
10508,3
10509,2
10510,1
10511,0
10512,3
10513,2
10514,1
10515,0
10516,3
10517,2
10518,1
10519,0
10520,3
10521,2
10522,1
10523,0
10524,3
10525,2
10526,1
10527,0
10528,3
10529,2
10530,1
10531,0
10532,3
10533,2
10534,1
10535,0
10536,3
10537,2
10538,1
10539,0
10540,3
10541,2
10542,1
10543,0
10544,3
10545,2
10546,1
10547,0
10548,3
10549,2
10550,1
10551,0
10552,3
10553,2
10554,1
10555,0
10556,3
10557,2
10558,1
10559,0
10560,3
10561,2
10562,1
10563,0
10564,3
10565,2
10566,1
10567,0
10568,3
10569,2
10570,1
10571,0
10572,3
10573,2
10574,1
10575,0
10576,3
10577,2
10578,1
10579,0
10580,3
10581,2
10582,1
10583,0
10584,3
10585,2
10586,1
10587,0
10588,3
10589,2
10590,1
10591,0
10592,3
10593,2
10594,1
10595,0
10596,3
10597,2
10598,1
10599,0
10600,3
10601,2
10602,1
10603,0
10604,3
10605,2
10606,1
10607,0
10608,3
10609,2
10610,1
10611,0
10612,3
10613,2
10614,1
10615,0
10616,3
10617,2
10618,1
10619,0
10620,3
10621,2
10622,1
10623,0
10624,3
10625,2
10626,1
10627,0
10628,3
10629,2
10630,1
10631,0
10632,3
10633,2
10634,1
10635,0
10636,3
10637,2
10638,1
10639,0
10640,3
10641,2
10642,1
10643,0
10644,3
10645,2
10646,1
10647,0
10648,3
10649,2
10650,1
10651,0
10652,3
10653,2
10654,1
10655,0
